PTW Request ID,Circle,Feeder,Status,Request Date,Start Date
20408,JALANDHAR,11KV Mithapur Feeder(FL07),Permit Request Submitted (Permit not active),2026-06-29T12:41:47Z,2026-06-29T12:40:00Z
20407,SANGRUR,MNH INDUSTRIES BHARO(FL15),Permit Request Submitted (Permit not active),2026-06-29T12:39:40Z,2026-06-29T12:39:00Z
20406,JALANDHAR,SHANKAR(FL01),Approved/ Active Permit,2026-06-29T12:33:48Z,2026-06-29T12:31:00Z
20405,PATIALA,UPS (TODARPUR)(FL06),Cancellation Request Approved (Permit not active),2026-06-29T12:23:36Z,2026-06-29T12:22:00Z
20404,SANGRUR,11 KV BHRAMKUMARI(FL-1),Approved/ Active Permit,2026-06-29T12:18:39Z,2026-06-29T12:17:00Z
20403,SANGRUR,Hamirgarh City(FL06),Cancellation Request Approved (Permit not active),2026-06-29T12:17:13Z,2026-06-29T12:15:00Z
20402,Zirakpur,Jastna Kandi Pure AP(FL25),Approved/ Active Permit,2026-06-29T12:17:05Z,2026-06-29T12:16:00Z
20401,Zirakpur,MIAN PUR(FL18),Approved/ Active Permit,2026-06-29T12:11:28Z,2026-06-29T12:10:00Z
20400,CITY AMRITSAR,Cheel Mandi(FL05),Active But Cancellation Request Submitted,2026-06-29T12:09:13Z,2026-06-29T12:07:00Z
20399,SANGRUR,BALAKNATH(FL17),Cancellation Request Approved (Permit not active),2026-06-29T11:08:13Z,2026-06-29T11:06:00Z
20398,JALANDHAR,GURU AMAR DASS NAGAR(FL14),Permit Request Submitted (Permit not active),2026-06-29T10:55:48Z,2026-06-29T10:55:00Z
20397,JALANDHAR,SHANKAR(FL01),Cancellation Request Approved (Permit not active),2026-06-29T10:34:53Z,2026-06-29T10:34:00Z
20396,SUB URBAN AMRITSAR,Ranjit Avenue B block(fl14),Cancellation Request Approved (Permit not active),2026-06-29T10:34:46Z,2026-06-29T10:33:00Z
20395,SANGRUR,THASKA(FL06),Cancellation Request Approved (Permit not active),2026-06-29T10:34:40Z,2026-06-29T10:33:00Z
20394,JALANDHAR,11kv kc feeder(FL14),Cancellation Request Approved (Permit not active),2026-06-29T10:19:46Z,2026-06-29T10:18:00Z
20393,Zirakpur,BPCL(FL31),Cancellation Request Approved (Permit not active),2026-06-29T10:06:57Z,2026-06-29T10:05:00Z
20392,CITY WEST LUDHIANA,GIASPURA(FL20),Rejected BY SSA/SSO,2026-06-29T09:48:43Z,2026-06-29T09:48:00Z
20391,SUB URBAN AMRITSAR,GUMTALA(FL10),Cancellation Request Approved (Permit not active),2026-06-29T09:48:31Z,2026-06-29T09:46:00Z
20390,JALANDHAR,COLD STORE(FL07),Cancellation Request Approved (Permit not active),2026-06-29T09:37:47Z,2026-06-29T09:37:00Z
20389,JALANDHAR,GADAIPUR-1(FL15),Cancellation Request Approved (Permit not active),2026-06-29T09:33:47Z,2026-06-29T09:32:00Z
20388,SANGRUR,"THASKA(FL06), UPS KHANOURI(FL03), KARODA(FL05)",Cancellation Request Approved (Permit not active),2026-06-29T08:51:07Z,2026-06-29T08:50:00Z
20387,MUKATSAR,11 KV SAIDANWALI(FL07),Cancellation Request Approved (Permit not active),2026-06-29T08:26:08Z,2026-06-29T08:23:00Z
20386,FARIDKOT,THARA AP(FL08),Cancellation Request Approved (Permit not active),2026-06-29T08:20:57Z,2026-06-29T08:20:00Z
20385,Zirakpur,LALRU CITY(FL22),Cancellation Request Approved (Permit not active),2026-06-29T08:16:27Z,2026-06-29T08:15:00Z
20384,SUB URBAN AMRITSAR,Sada Pind(FL03),Cancellation Request Approved (Permit not active),2026-06-29T08:15:49Z,2026-06-29T08:15:00Z
20383,MUKATSAR,"11 KV SIDHU NAGRI(FL05), 11 KV RIDHI SIDHI URBAN(FL13), 11 KV Rajiv Nagar(FL16), 11 KV KANDHWALA Road Urban(FL10), 11 KV NAI ABADI(FL04), 11 KV GANGA NAGAR ROAD(FL01)",Cancellation Request Approved (Permit not active),2026-06-29T07:41:22Z,2026-06-29T07:40:00Z
20382,JALANDHAR,11kv kc feeder(FL14),Cancellation Request Approved (Permit not active),2026-06-29T06:11:33Z,2026-06-29T06:09:00Z
20381,JALANDHAR,GURU AMAR DASS NAGAR(FL14),Cancellation Request Approved (Permit not active),2026-06-29T02:52:04Z,2026-06-29T02:51:00Z
20380,PATIALA,11 KV RAI MAJRA(FL15),Cancellation Request Approved (Permit not active),2026-06-28T23:49:06Z,2026-06-28T23:46:00Z
20379,CITY AMRITSAR,SHIVALA ROAD(FL09),Cancellation Request Approved (Permit not active),2026-06-28T21:58:56Z,2026-06-28T21:58:00Z
20378,SUB URBAN AMRITSAR,GUMTALA(FL10),Cancellation Request Approved (Permit not active),2026-06-28T21:44:10Z,2026-06-28T21:41:00Z
20377,JALANDHAR,CANAL(FL11),Cancellation Request Approved (Permit not active),2026-06-28T21:43:54Z,2026-06-28T21:42:00Z
20376,SUB URBAN AMRITSAR,Sada Pind(FL03),Cancellation Request Approved (Permit not active),2026-06-28T21:37:49Z,2026-06-28T21:36:00Z
20375,FARIDKOT,SAMAGH UPS(FL02),Cancellation Request Approved (Permit not active),2026-06-28T20:49:59Z,2026-06-28T20:47:00Z
20374,JALANDHAR,BASTI DANISJMANDA(FL04),Cancellation Request Approved (Permit not active),2026-06-28T20:49:14Z,2026-06-28T20:45:00Z
20373,Zirakpur,DAPPAR(FL16),Cancellation Request Approved (Permit not active),2026-06-28T20:47:00Z,2026-06-28T20:46:00Z
20372,SUB URBAN AMRITSAR,Sada Pind(FL03),Cancellation Request Approved (Permit not active),2026-06-28T19:20:10Z,2026-06-28T19:19:00Z
20371,SANGRUR,"DIALPURA(FL03), Bakhtra II(FL08), GHUMAND SINGH WALA(FL04)",Cancellation Request Approved (Permit not active),2026-06-28T18:32:13Z,2026-06-28T18:31:00Z
20370,MUKATSAR,Dhani Sucha Singh (Old Chakra)(FL07),Cancellation Request Approved (Permit not active),2026-06-28T18:23:39Z,2026-06-28T18:22:00Z
20369,FARIDKOT,FCI URBAN(FL09),Cancellation Request Approved (Permit not active),2026-06-28T18:17:03Z,2026-06-28T18:16:00Z
20368,PATIALA,Dairy Farm Ablowal(FL14),Cancellation Request Approved (Permit not active),2026-06-28T17:49:38Z,2026-06-28T17:49:00Z
20367,MUKATSAR,11 KV Bhagsar UPS(FL07),Cancellation Request Approved (Permit not active),2026-06-28T17:19:26Z,2026-06-28T17:18:00Z
20366,MUKATSAR,"11 KV Alamgarh(FL03), 11 KV KIKKER KHERA(FL08)",Cancellation Request Approved (Permit not active),2026-06-28T16:51:46Z,2026-06-28T16:49:00Z
20365,SANGRUR,MANDVI CITY(FL13),Cancellation Request Approved (Permit not active),2026-06-28T16:21:32Z,2026-06-28T16:20:00Z
20364,MUKATSAR,11 KV Chirag dhani(FL17),Cancellation Request Approved (Permit not active),2026-06-28T16:13:10Z,2026-06-28T16:11:00Z
20363,SANGRUR,11 KV BHRAMKUMARI(FL-1),Cancellation Request Approved (Permit not active),2026-06-28T16:11:05Z,2026-06-28T16:10:00Z
20362,Zirakpur,Hasanpur UPS(FL24),Cancellation Request Approved (Permit not active),2026-06-28T16:09:53Z,2026-06-28T16:08:00Z
20361,JALANDHAR,SALEMPUR(FL30),Cancellation Request Approved (Permit not active),2026-06-28T15:34:17Z,2026-06-28T15:33:00Z
20360,KAPURTHALA,"UPS Seowal(FL01), Khanpur(FL02)",Cancellation Request Approved (Permit not active),2026-06-28T15:05:01Z,2026-06-28T15:04:00Z
20359,KAPURTHALA,UPS Seowal(FL01),Rejected BY SSA/SSO,2026-06-28T15:01:17Z,2026-06-28T14:59:00Z
20356,SANGRUR,TOORBANJARA UPS(FL07),Cancellation Request Approved (Permit not active),2026-06-28T14:43:08Z,2026-06-28T14:42:00Z
20355,JALANDHAR,GADAIPUR-1(FL15),Cancellation Request Approved (Permit not active),2026-06-28T14:26:10Z,2026-06-28T14:25:00Z
20354,SANGRUR,11 KV CHEEMA ROAD AP(FL12),Cancellation Request Approved (Permit not active),2026-06-28T14:19:58Z,2026-06-28T14:18:00Z
20353,SANGRUR,24 HRS. BALRAN(FL01),Cancellation Request Approved (Permit not active),2026-06-28T13:36:26Z,2026-06-28T13:35:00Z
20352,SANGRUR,"BALRAN(FL11), PAPRA(main+branch)(FL15)",Cancellation Request Approved (Permit not active),2026-06-28T13:35:33Z,2026-06-28T13:35:00Z
20351,JALANDHAR,RANDHAWA MASANDA(FL04),Cancellation Request Approved (Permit not active),2026-06-28T13:34:15Z,2026-06-28T13:33:00Z
20350,MUKATSAR,"Gandhar(FL03), GANDHAR UPS(FL05)",Cancellation Request Approved (Permit not active),2026-06-28T13:23:22Z,2026-06-28T13:22:00Z
20349,Zirakpur,DEEPAK PIPE(FL10),Cancellation Request Approved (Permit not active),2026-06-28T13:22:43Z,2026-06-28T13:21:00Z
20348,JALANDHAR,SARMUSTPUR(FL08),Cancellation Request Approved (Permit not active),2026-06-28T13:16:53Z,2026-06-28T13:11:00Z
20347,SANGRUR,MANDVI RURAL(FL04),Cancellation Request Approved (Permit not active),2026-06-28T12:42:31Z,2026-06-28T12:41:00Z
20346,JALANDHAR,SALEMPUR(FL30),Cancellation Request Approved (Permit not active),2026-06-28T12:31:44Z,2026-06-28T12:30:00Z
20345,JALANDHAR,PUNJABI BAGH(FL31),Cancellation Request Approved (Permit not active),2026-06-28T12:27:30Z,2026-06-28T12:26:00Z
20344,Zirakpur,JEOLY(FL08),Cancellation Request Approved (Permit not active),2026-06-28T12:21:31Z,2026-06-28T12:20:00Z
20343,JALANDHAR,11KV GTB NAGAR(FL07),Rejected BY SSA/SSO,2026-06-28T12:17:16Z,2026-06-28T12:16:00Z
20342,SANGRUR,CHANDU(FL11),Cancellation Request Approved (Permit not active),2026-06-28T11:32:35Z,2026-06-28T11:32:00Z
20341,FARIDKOT,MADAK ROAD(FL04),Cancellation Request Approved (Permit not active),2026-06-28T11:26:30Z,2026-06-28T11:24:00Z
20340,SANGRUR,11 KV CHATHA NANHERA URBAN(FL06),Cancellation Request Approved (Permit not active),2026-06-28T11:11:35Z,2026-06-28T11:10:00Z
20339,MUKATSAR,11 KV TARA ESTATE(FL09),Cancellation Request Approved (Permit not active),2026-06-28T11:10:11Z,2026-06-28T11:09:00Z
20338,JALANDHAR,SALEMPUR(FL30),Cancellation Request Approved (Permit not active),2026-06-28T11:01:16Z,2026-06-28T11:00:00Z
20337,SANGRUR,Ballran C-1(FL01),Cancellation Request Approved (Permit not active),2026-06-28T10:14:56Z,2026-06-28T10:14:00Z
20336,JALANDHAR,JAINSON INDUSTRIES(FL1),Permit Request Submitted (Permit not active),2026-06-28T10:13:15Z,2026-06-28T10:12:00Z
20335,KAPURTHALA,"URBAN INDUSTRY(FL17), Gill(FL08), Kangna(FL01), UPS KACHI SARAI KHAS(FL11)",Cancellation Request Approved (Permit not active),2026-06-28T09:52:31Z,2026-06-28T09:51:00Z
20334,SUB URBAN AMRITSAR,RANJIT AVENUE(FL03),Cancellation Request Approved (Permit not active),2026-06-28T09:24:38Z,2026-06-28T09:23:00Z
20333,JALANDHAR,"DIC 2(FL05), D.I.C .. 1(FLO2)",Cancellation Request Approved (Permit not active),2026-06-28T09:10:08Z,2026-06-28T09:09:00Z
20332,JALANDHAR,RANDHAWA MASANDA(FL04),Cancellation Request Approved (Permit not active),2026-06-28T09:09:33Z,2026-06-28T09:09:00Z
20331,JALANDHAR,SUN FLAG(FL29),Cancellation Request Approved (Permit not active),2026-06-28T09:08:06Z,2026-06-28T09:05:00Z
20330,JALANDHAR,LADHAYWALI(FL03),Cancellation Request Approved (Permit not active),2026-06-28T08:22:18Z,2026-06-28T08:21:00Z
20329,Zirakpur,"URBAN-3 DERABASSI(FL34), 11KV BEHRA FEEDER(E39)",Cancellation Request Approved (Permit not active),2026-06-28T08:11:16Z,2026-06-28T08:10:00Z
20328,SUB URBAN AMRITSAR,NAG KALAN(FL01),Cancellation Request Approved (Permit not active),2026-06-28T08:06:46Z,2026-06-28T08:05:00Z
20327,MUKATSAR,11 KV Dharampura(FL09),Cancellation Request Approved (Permit not active),2026-06-28T07:59:55Z,2026-06-28T07:57:00Z
20326,SUB URBAN AMRITSAR,MAJITHA(FL11),Cancellation Request Approved (Permit not active),2026-06-28T07:04:50Z,2026-06-28T07:03:00Z
20325,JALANDHAR,CHOGITTI(FL02),Cancellation Request Approved (Permit not active),2026-06-28T04:56:33Z,2026-06-28T04:56:00Z
20324,JALANDHAR,KALIA COLONY(FL24),Cancellation Request Approved (Permit not active),2026-06-27T23:42:25Z,2026-06-27T23:33:00Z
20323,Zirakpur,11KV BEHRA FEEDER(E39),Cancellation Request Approved (Permit not active),2026-06-27T22:25:20Z,2026-06-27T22:24:00Z
20322,SANGRUR,ARNO UPS(FL06),Cancellation Request Approved (Permit not active),2026-06-27T22:23:51Z,2026-06-27T22:22:00Z
20321,Zirakpur,URBAN-3 DERABASSI(FL34),Cancellation Request Approved (Permit not active),2026-06-27T22:04:24Z,2026-06-27T22:04:00Z
20320,MUKATSAR,11 KV SAIDANWALI(FL07),Cancellation Request Approved (Permit not active),2026-06-27T21:41:52Z,2026-06-27T21:38:00Z
20319,CITY WEST LUDHIANA,DUGRI(FL10),Cancellation Request Approved (Permit not active),2026-06-27T20:49:53Z,2026-06-27T20:49:00Z
20318,SANGRUR,Patran Road(FL19),Cancellation Request Approved (Permit not active),2026-06-27T20:46:26Z,2026-06-27T20:46:00Z
20317,SANGRUR,ITI MOONAK(FL22),Cancellation Request Approved (Permit not active),2026-06-27T20:40:29Z,2026-06-27T20:40:00Z
20316,MUKATSAR,"11 KV GANGA NAGAR ROAD(FL01), 11 KV Alamgarh(FL03)",Cancellation Request Approved (Permit not active),2026-06-27T19:44:19Z,2026-06-27T19:43:00Z
20315,SANGRUR,ITI MOONAK(FL22),Cancellation Request Approved (Permit not active),2026-06-27T19:34:08Z,2026-06-27T19:33:00Z
20314,Zirakpur,DAPPAR(FL16),Cancellation Request Approved (Permit not active),2026-06-27T19:30:36Z,2026-06-27T19:29:00Z
20313,SANGRUR,11 KV NAVA BAZAR C-1(FL-2),Cancellation Request Approved (Permit not active),2026-06-27T19:11:56Z,2026-06-27T19:10:00Z
20312,JALANDHAR,SHANKAR(FL01),Cancellation Request Approved (Permit not active),2026-06-27T18:48:04Z,2026-06-27T18:46:00Z
20311,JALANDHAR,SEED CORPORATION(FL01),Cancellation Request Approved (Permit not active),2026-06-27T18:08:36Z,2026-06-27T18:05:00Z
20310,Zirakpur,LALRU MANDI(FL12),Cancellation Request Approved (Permit not active),2026-06-27T18:02:27Z,2026-06-27T18:02:00Z
20309,KAPURTHALA,Kangna(FL01),Cancellation Request Approved (Permit not active),2026-06-27T18:02:10Z,2026-06-27T18:00:00Z
20308,TARN TARAN,Budha Theh(FL06),Cancellation Request Approved (Permit not active),2026-06-27T17:51:09Z,2026-06-27T17:50:00Z
20307,MUKATSAR,11 KV Alamgarh(FL03),Cancellation Request Approved (Permit not active),2026-06-27T17:42:25Z,2026-06-27T17:40:00Z
20306,FARIDKOT,MOGA-2(FL06),Cancellation Request Approved (Permit not active),2026-06-27T17:28:41Z,2026-06-27T17:25:00Z
20305,Zirakpur,URBAN-3 DERABASSI(FL34),Cancellation Request Approved (Permit not active),2026-06-27T17:26:29Z,2026-06-27T17:25:00Z
20304,Zirakpur,Dehar. Cat. 1(FL21),Cancellation Request Approved (Permit not active),2026-06-27T17:19:52Z,2026-06-27T17:19:00Z
20303,Zirakpur,"Dehar. Cat. 1(FL21), JEOLY(FL08)",Permit Request Submitted (Permit not active),2026-06-27T17:17:18Z,2026-06-27T17:16:00Z
20302,Zirakpur,Jalalpur Kandi Pure AP(FL26),Permit Request Submitted (Permit not active),2026-06-27T17:08:18Z,2026-06-27T17:07:00Z
20301,KHANNA,Salani(FL05),Cancellation Request Approved (Permit not active),2026-06-27T16:52:47Z,2026-06-27T16:51:00Z
20300,SANGRUR,Khokhar UPS(FL06),Cancellation Request Approved (Permit not active),2026-06-27T16:45:33Z,2026-06-27T16:45:00Z
20299,SANGRUR,MAKORD SAHIB(FL02),Cancellation Request Approved (Permit not active),2026-06-27T16:32:02Z,2026-06-27T16:30:00Z
20298,SANGRUR,11 KV TAKIPUR AP(FL04),Cancellation Request Approved (Permit not active),2026-06-27T16:17:46Z,2026-06-27T16:16:00Z
20297,JALANDHAR,GURU AMAR DASS NAGAR(FL14),Cancellation Request Approved (Permit not active),2026-06-27T15:37:47Z,2026-06-27T15:36:00Z
20296,SANGRUR,11 KV RAM NAGAR URBAN(FL20),Cancellation Request Approved (Permit not active),2026-06-27T15:09:08Z,2026-06-27T15:07:00Z
20295,TARN TARAN,RAYYA BACK FEEDING(FL03),Cancellation Request Approved (Permit not active),2026-06-27T14:37:19Z,2026-06-27T14:36:00Z
20294,Zirakpur,11 KV PREM NAGAR FEEDER(FL29),Cancellation Request Approved (Permit not active),2026-06-27T14:27:01Z,2026-06-27T14:26:00Z
20293,MUKATSAR,11 KV SAIDANWALI(FL07),Cancellation Request Approved (Permit not active),2026-06-27T13:27:54Z,2026-06-27T13:26:00Z
20292,PATIALA,Samania Gate(FLO4),Cancellation Request Approved (Permit not active),2026-06-27T13:27:19Z,2026-06-27T13:26:00Z
20291,PATIALA,SOGALPUR UPS(FL20),Cancellation Request Approved (Permit not active),2026-06-27T13:21:43Z,2026-06-27T13:20:00Z
20290,JALANDHAR,JYOTI CHOWK(FL10),Cancellation Request Approved (Permit not active),2026-06-27T13:02:42Z,2026-06-27T13:00:00Z
20289,JALANDHAR,11 KV New Ashok Nagar(FL11),Cancellation Request Approved (Permit not active),2026-06-27T12:33:45Z,2026-06-27T12:32:00Z
20288,GURDASPUR,Lamini(FL02),Cancellation Request Approved (Permit not active),2026-06-27T12:08:39Z,2026-06-27T12:03:00Z
20287,JALANDHAR,GURU AMAR DASS NAGAR(FL14),Cancellation Request Approved (Permit not active),2026-06-27T12:03:11Z,2026-06-27T12:01:00Z
20286,SANGRUR,11 KV Rambagh(FL21),Cancellation Request Approved (Permit not active),2026-06-27T11:54:18Z,2026-06-27T11:52:00Z
20285,PATIALA,Bhilowal(FL10),Cancellation Request Approved (Permit not active),2026-06-27T11:50:04Z,2026-06-27T11:45:00Z
20284,SANGRUR,MANDVI RURAL(FL04),Cancellation Request Approved (Permit not active),2026-06-27T11:46:44Z,2026-06-27T11:46:00Z
20283,PATIALA,"11 kV Lehal Mandal(FL12), Ablowal Feeder(FL01), OPH(FL02)",Cancellation Request Approved (Permit not active),2026-06-27T11:42:17Z,2026-06-27T11:39:00Z
20282,SANGRUR,11kv Bhikhi Road(FL29),Cancellation Request Approved (Permit not active),2026-06-27T11:35:48Z,2026-06-27T11:34:00Z
20281,GURDASPUR,"Kalanangal(FL10), BATHWALA(FL09)",Cancellation Request Approved (Permit not active),2026-06-27T11:27:04Z,2026-06-27T11:26:00Z
20280,JALANDHAR,11KV Mithapur Feeder(FL07),Cancellation Request Approved (Permit not active),2026-06-27T11:21:53Z,2026-06-27T11:21:00Z
20279,FARIDKOT,LandeKe URBAN(FL12),Cancellation Request Approved (Permit not active),2026-06-27T11:10:07Z,2026-06-27T11:12:00Z
20278,SANGRUR,11 KV LONGOWAL URBAN(FL03),Cancellation Request Approved (Permit not active),2026-06-27T11:06:27Z,2026-06-27T11:05:00Z
20277,KHANNA,SANIPUR(FL23),Cancellation Request Approved (Permit not active),2026-06-27T11:03:03Z,2026-06-27T11:02:00Z
20276,Zirakpur,MIAN PUR(FL18),Cancellation Request Approved (Permit not active),2026-06-27T10:56:54Z,2026-06-27T10:55:00Z
20275,Zirakpur,MIAN PUR(FL18),Rejected BY SSA/SSO,2026-06-27T10:44:43Z,2026-06-27T10:44:00Z
20274,MUKATSAR,11 KV KHATWAN(FL03),Cancellation Request Approved (Permit not active),2026-06-27T09:59:25Z,2026-06-27T09:56:00Z
20273,SANGRUR,Bhunder Bhaini(FL04),Cancellation Request Approved (Permit not active),2026-06-27T09:55:51Z,2026-06-27T09:54:00Z
20269,SANGRUR,11 KV TUNGAN AP(FL22),Cancellation Request Approved (Permit not active),2026-06-27T09:03:26Z,2026-06-27T09:02:00Z
20268,KAPURTHALA,"URBAN Malsian(FL02), UPS KACHI SARAI KHAS(FL11)",Cancellation Request Approved (Permit not active),2026-06-27T08:49:36Z,2026-06-27T08:48:00Z
20267,MUKATSAR,DAULATPURA UPS(FL08),Cancellation Request Approved (Permit not active),2026-06-27T07:38:23Z,2026-06-27T07:37:00Z
20266,PATIALA,GOBIND BAGH(FL09),Cancellation Request Approved (Permit not active),2026-06-27T00:14:26Z,2026-06-27T00:12:00Z
20265,Zirakpur,11 KV PREM NAGAR FEEDER(FL29),Cancellation Request Approved (Permit not active),2026-06-27T00:11:23Z,2026-06-27T00:10:00Z
20264,JALANDHAR,PREET NAGAR(FL07),Cancellation Request Approved (Permit not active),2026-06-26T23:37:21Z,2026-06-26T23:34:00Z
20263,BARNALA,SHRI RAVIDASS NAGAR(FL04),Cancellation Request Approved (Permit not active),2026-06-26T23:22:41Z,2026-06-26T23:21:00Z
20262,Zirakpur,DAPPAR(FL16),Rejected BY SSA/SSO,2026-06-26T23:18:07Z,2026-06-26T23:16:00Z
20261,Zirakpur,"DAPPAR(FL16), JEOLY(FL08), Jastna Kandi Pure AP(FL25)",Cancellation Request Approved (Permit not active),2026-06-26T22:09:24Z,2026-06-26T22:08:00Z
20260,Zirakpur,11 KV PREM NAGAR FEEDER(FL29),Cancellation Request Approved (Permit not active),2026-06-26T21:54:30Z,2026-06-26T21:54:00Z
20259,SUB URBAN AMRITSAR,KOTLA SULTAN SINGH UPS(FL14),Cancellation Request Approved (Permit not active),2026-06-26T20:26:23Z,2026-06-26T20:25:00Z
20258,Zirakpur,DEEPAK PIPE(FL10),Cancellation Request Approved (Permit not active),2026-06-26T19:10:58Z,2026-06-26T19:10:00Z
20257,Zirakpur,DEEPAK PIPE(FL10),Rejected BY SSA/SSO,2026-06-26T19:08:56Z,2026-06-26T19:08:00Z
20256,SANGRUR,RAMPURA(007),Cancellation Request Approved (Permit not active),2026-06-26T19:07:04Z,2026-06-26T19:06:00Z
20255,GURDASPUR,Lamini(FL02),Cancellation Request Approved (Permit not active),2026-06-26T18:24:50Z,2026-06-26T18:24:00Z
20254,GURDASPUR,Lamini(FL02),Rejected BY SSA/SSO,2026-06-26T18:14:57Z,2026-06-26T18:09:00Z
20253,MUKATSAR,11 KV KANDHWALA Road Urban(FL10),Cancellation Request Approved (Permit not active),2026-06-26T18:01:50Z,2026-06-26T18:01:00Z
20252,SANGRUR,24 HRS. CHANGALIWALA(FL06),Cancellation Request Approved (Permit not active),2026-06-26T17:55:42Z,2026-06-26T17:54:00Z
20251,SANGRUR,Ratoke(FL13),Cancellation Request Approved (Permit not active),2026-06-26T17:47:04Z,2026-06-26T17:46:00Z
20250,SANGRUR,Ratoke(FL13),Rejected BY SSA/SSO,2026-06-26T17:43:42Z,2026-06-26T17:42:00Z
20249,MUKATSAR,"DALMIR KHERA(FL01), 11 KV Sappan wali(FL11)",Cancellation Request Approved (Permit not active),2026-06-26T17:23:57Z,2026-06-26T17:23:00Z
20248,Zirakpur,MIAN PUR(FL18),Cancellation Request Approved (Permit not active),2026-06-26T17:23:13Z,2026-06-26T17:22:00Z
20247,FARIDKOT,Dutt Road(FL04),Cancellation Request Approved (Permit not active),2026-06-26T17:00:35Z,2026-06-26T17:00:00Z
20246,ROPAR,Majri Jattan(FL17),Cancellation Request Approved (Permit not active),2026-06-26T16:43:10Z,2026-06-26T16:42:00Z
20245,SANGRUR,Mandvi Road(FL03),Cancellation Request Approved (Permit not active),2026-06-26T16:03:48Z,2026-06-26T16:00:00Z
20244,SANGRUR,24 HRS. MAHASINGHWALA(FL07),Cancellation Request Approved (Permit not active),2026-06-26T15:46:39Z,2026-06-26T15:43:00Z
20243,BATHINDA,JHUNIR(FL09),Cancellation Request Approved (Permit not active),2026-06-26T15:27:43Z,2026-06-26T15:26:00Z
20242,MUKATSAR,11 KV KANDHWALA Road Urban(FL10),Cancellation Request Approved (Permit not active),2026-06-26T13:55:12Z,2026-06-26T13:54:00Z
20241,MUKATSAR,11 KV SITO(FL03),Cancellation Request Approved (Permit not active),2026-06-26T13:44:49Z,2026-06-26T13:44:00Z
20240,SANGRUR,11 KV Rambagh(FL21),Cancellation Request Approved (Permit not active),2026-06-26T13:41:37Z,2026-06-26T13:38:00Z
20239,SANGRUR,11 KV SAHID UDHAM SINGH URBAN(FL21),Cancellation Request Approved (Permit not active),2026-06-26T13:23:37Z,2026-06-26T13:22:00Z
20238,KAPURTHALA,Esewal(FL15),Cancellation Request Approved (Permit not active),2026-06-26T12:56:39Z,2026-06-26T12:56:00Z
20237,MUKATSAR,11 KV SAIDANWALI(FL07),Cancellation Request Approved (Permit not active),2026-06-26T12:41:08Z,2026-06-26T12:39:00Z
20236,SUB URBAN AMRITSAR,AJNALA ROAD(FL06),Cancellation Request Approved (Permit not active),2026-06-26T12:38:10Z,2026-06-26T12:36:00Z
20235,FEROZPUR,11 KV Delhi Gate(FL10),Cancellation Request Approved (Permit not active),2026-06-26T12:24:29Z,2026-06-26T12:23:00Z
20234,KAPURTHALA,"UPS MALLIWAL(FL16), Chawinda(FL06)",Cancellation Request Approved (Permit not active),2026-06-26T12:08:49Z,2026-06-26T12:08:00Z
20233,SANGRUR,"MAKORD SAHIB(FL02), 24 HRS. MAHASINGHWALA(FL07)",Cancellation Request Approved (Permit not active),2026-06-26T12:05:21Z,2026-06-26T12:04:00Z
20232,SUB URBAN AMRITSAR,KOTLA SULTAN SINGH UPS(FL14),Rejected BY SSA/SSO,2026-06-26T11:17:58Z,2026-06-26T11:16:00Z
20231,SANGRUR,New Bushera(FL02),Cancellation Request Approved (Permit not active),2026-06-26T11:00:58Z,2026-06-26T11:00:00Z
20230,SANGRUR,24 HRS. MAHASINGHWALA(FL07),Cancellation Request Approved (Permit not active),2026-06-26T10:46:45Z,2026-06-26T10:46:00Z
20229,BATHINDA,PEERKHANA(FL05),Cancellation Request Approved (Permit not active),2026-06-26T10:44:44Z,2026-06-26T10:44:00Z
20228,CITY AMRITSAR,MAQBOOL ROAD(FL08),Cancellation Request Approved (Permit not active),2026-06-26T10:42:42Z,2026-06-26T10:41:00Z
20227,PATIALA,"Achal(FL02), Hasanpur(FL04), UPS Achal(FL05)",Cancellation Request Approved (Permit not active),2026-06-26T10:34:39Z,2026-06-26T10:31:00Z
20226,SANGRUR,Bhunder Bhaini(FL04),Cancellation Request Approved (Permit not active),2026-06-26T10:30:53Z,2026-06-26T10:29:00Z
20225,SANGRUR,"AZAD AP(FL08), BHAMNIWALA(NE04)",Rejected BY SSA/SSO,2026-06-26T10:30:06Z,2026-06-26T10:28:00Z
20224,SANGRUR,UPS GULARI(FL06),Cancellation Request Approved (Permit not active),2026-06-26T10:01:12Z,2026-06-26T10:00:00Z
20223,MUKATSAR,11 KV Alamgarh(FL03),Cancellation Request Approved (Permit not active),2026-06-26T07:24:45Z,2026-06-26T07:24:00Z
20222,Zirakpur,URBAN-3 DERABASSI(FL34),Cancellation Request Approved (Permit not active),2026-06-26T07:14:05Z,2026-06-26T07:13:00Z
20221,GURDASPUR,Lamini(FL02),Rejected BY SSA/SSO,2026-06-26T02:00:41Z,2026-06-26T01:59:00Z
20220,Zirakpur,11KV BEHRA FEEDER(E39),Cancellation Request Approved (Permit not active),2026-06-25T21:43:28Z,2026-06-25T21:42:00Z
20219,JALANDHAR,AMAN NAGAR(FL06),Cancellation Request Approved (Permit not active),2026-06-25T20:34:48Z,2026-06-25T20:33:00Z
20218,SUB URBAN AMRITSAR,SG enclave(Fl10),Cancellation Request Approved (Permit not active),2026-06-25T19:43:34Z,2026-06-25T19:42:00Z
20217,SUB URBAN AMRITSAR,SG enclave(Fl10),Permit Request Submitted (Permit not active),2026-06-25T19:42:15Z,2026-06-25T19:41:00Z
20216,SUB URBAN AMRITSAR,GUMTALA(FL10),Cancellation Request Approved (Permit not active),2026-06-25T19:10:15Z,2026-06-25T19:08:00Z
20215,Zirakpur,"11KV BEHRA FEEDER(E39), VATIKA(FL02)",Cancellation Request Approved (Permit not active),2026-06-25T18:54:31Z,2026-06-25T18:54:00Z
20214,FARIDKOT,Dutt Road(FL04),Cancellation Request Approved (Permit not active),2026-06-25T18:35:19Z,2026-06-25T18:34:00Z
20213,SANGRUR,UPPLI UPS(FL15),Cancellation Request Approved (Permit not active),2026-06-25T18:28:21Z,2026-06-25T18:26:00Z
20212,MUKATSAR,"11 KV Sappan wali(FL11), MAUJGARH(FL05)",Cancellation Request Approved (Permit not active),2026-06-25T17:42:13Z,2026-06-25T17:41:00Z
20211,FARIDKOT,SAHIBZADA AJIT SINGH NAGAR(FL18),Cancellation Request Approved (Permit not active),2026-06-25T17:33:17Z,2026-06-25T17:35:00Z
20210,FARIDKOT,SAHIBZADA AJIT SINGH NAGAR(FL18),Rejected BY SSA/SSO,2026-06-25T17:31:25Z,2026-06-25T17:33:00Z
20209,CITY WEST LUDHIANA,RENTAL COLONY(FL11),Active But Cancellation Request Submitted,2026-06-25T17:07:13Z,2026-06-25T17:06:00Z
20208,Zirakpur,MIAN PUR(FL18),Permit Request Submitted (Permit not active),2026-06-25T17:05:35Z,2026-06-25T17:04:00Z
20207,CITY WEST LUDHIANA,RENTAL COLONY(FL11),Rejected BY SSA/SSO,2026-06-25T17:05:19Z,2026-06-25T17:04:00Z
20206,Zirakpur,MIAN PUR(FL18),Permit Request Submitted (Permit not active),2026-06-25T17:03:07Z,2026-06-25T17:02:00Z
20205,Zirakpur,MIAN PUR(FL18),Permit Request Submitted (Permit not active),2026-06-25T17:01:20Z,2026-06-25T17:00:00Z
20204,Zirakpur,MIAN PUR(FL18),Rejected BY SSA/SSO,2026-06-25T16:57:46Z,2026-06-25T16:56:00Z
20203,Zirakpur,DEEPAK PIPE(FL10),Cancellation Request Approved (Permit not active),2026-06-25T16:53:38Z,2026-06-25T16:53:00Z
20202,SANGRUR,KARODA CAT1(FL03),Cancellation Request Approved (Permit not active),2026-06-25T16:51:04Z,2026-06-25T16:49:00Z
20201,MUKATSAR,11 KV Chakra AP(FL04),Cancellation Request Approved (Permit not active),2026-06-25T16:46:49Z,2026-06-25T16:46:00Z
20200,SANGRUR,"11 KV TOGAWAL AP(FL01), 11KV KHIWA KHURD AP(FL06), 11KV UPS TOGAWAL(FL08)",Cancellation Request Approved (Permit not active),2026-06-25T16:07:00Z,2026-06-25T16:06:00Z
20199,SANGRUR,MANDVI CITY(FL13),Cancellation Request Approved (Permit not active),2026-06-25T16:06:28Z,2026-06-25T16:05:00Z
20198,CITY AMRITSAR,MAQBOOL ROAD(FL08),Cancellation Request Approved (Permit not active),2026-06-25T15:57:37Z,2026-06-25T15:56:00Z
20197,PATIALA,Bakhshiwal(FL08),Cancellation Request Approved (Permit not active),2026-06-25T15:36:08Z,2026-06-25T15:35:00Z
20196,SANGRUR,"AZAD AP(FL08), BHAMNIWALA(NE04), KHOKHAR(FL01), GEHLAN(FL10)",Cancellation Request Approved (Permit not active),2026-06-25T15:31:52Z,2026-06-25T15:31:00Z
20195,JALANDHAR,11KV Mithapur Feeder(FL07),Cancellation Request Approved (Permit not active),2026-06-25T15:27:15Z,2026-06-25T15:26:00Z
20194,JALANDHAR,11KV Mithapur Feeder(FL07),Cancellation Request Approved (Permit not active),2026-06-25T14:44:56Z,2026-06-25T14:44:00Z
20193,Zirakpur,DEEPAK PIPE(FL10),Cancellation Request Approved (Permit not active),2026-06-25T14:16:20Z,2026-06-25T14:15:00Z
20192,SANGRUR,BAKHOPIR(FL01),Cancellation Request Approved (Permit not active),2026-06-25T13:34:20Z,2026-06-25T13:32:00Z
20191,JALANDHAR,RANDHAWA MASANDA(FL04),Cancellation Request Approved (Permit not active),2026-06-25T13:33:30Z,2026-06-25T13:33:00Z
20190,SUB URBAN AMRITSAR,MAJITHA(FL11),Cancellation Request Approved (Permit not active),2026-06-25T13:25:18Z,2026-06-25T13:23:00Z
20189,SANGRUR,11 KV BHATTIWAL KALAN(FL12),Cancellation Request Approved (Permit not active),2026-06-25T13:19:19Z,2026-06-25T13:17:00Z
20188,JALANDHAR,SUN FLAG(FL29),Cancellation Request Approved (Permit not active),2026-06-25T13:05:05Z,2026-06-25T13:03:00Z
20187,Zirakpur,Hasanpur UPS(FL24),Cancellation Request Approved (Permit not active),2026-06-25T13:03:48Z,2026-06-25T13:03:00Z
20186,Zirakpur,Hasanpur UPS(FL24),Rejected BY SSA/SSO,2026-06-25T13:00:45Z,2026-06-25T13:00:00Z
20185,Zirakpur,Hasanpur UPS(FL24),Rejected BY SSA/SSO,2026-06-25T12:57:49Z,2026-06-25T12:57:00Z
20184,SANGRUR,Bhunder Bhaini(FL04),Cancellation Request Approved (Permit not active),2026-06-25T12:13:25Z,2026-06-25T12:12:00Z
20183,KHANNA,City-3(FL30),Cancellation Request Approved (Permit not active),2026-06-25T12:09:20Z,2026-06-25T12:05:00Z
20182,JALANDHAR,PUNJABI BAGH(FL31),Cancellation Request Approved (Permit not active),2026-06-25T12:03:02Z,2026-06-25T12:02:00Z
20181,SUB URBAN AMRITSAR,HOUSING BOARD COLONY(FL06),Cancellation Request Approved (Permit not active),2026-06-25T12:02:41Z,2026-06-25T12:02:00Z
20180,CITY AMRITSAR,Cheel Mandi(FL05),Cancellation Request Approved (Permit not active),2026-06-25T11:54:08Z,2026-06-25T11:52:00Z
20179,SANGRUR,Udham Singh(FL08),Cancellation Request Approved (Permit not active),2026-06-25T11:45:51Z,2026-06-25T11:45:00Z
20178,SUB URBAN AMRITSAR,C-BLOCK RANJIT AVENUE(FL12),Cancellation Request Approved (Permit not active),2026-06-25T11:42:34Z,2026-06-25T11:42:00Z
20177,FARIDKOT,11 KV HAKAM SINGH WALA-R(FL08),Cancellation Request Approved (Permit not active),2026-06-25T11:38:59Z,2026-06-25T11:38:00Z
20176,JALANDHAR,RANDHAWA MASANDA(FL04),Cancellation Request Approved (Permit not active),2026-06-25T10:56:23Z,2026-06-25T10:55:00Z
20175,KAPURTHALA,"Kotli Gajran(FL04), UPS Kotli(FL09)",Cancellation Request Approved (Permit not active),2026-06-25T10:49:00Z,2026-06-25T10:47:00Z
20174,Zirakpur,MUKANDPUR(FL03),Cancellation Request Approved (Permit not active),2026-06-25T10:43:46Z,2026-06-25T10:43:00Z
20173,SANGRUR,KARODA CAT1(FL03),Cancellation Request Approved (Permit not active),2026-06-25T10:42:01Z,2026-06-25T10:38:00Z
20172,MUKATSAR,Dhani Sucha Singh (Old Chakra)(FL07),Cancellation Request Approved (Permit not active),2026-06-25T10:28:38Z,2026-06-25T10:28:00Z
20171,KAPURTHALA,UPS KACHI SARAI KHAS(FL11),Cancellation Request Approved (Permit not active),2026-06-25T10:23:28Z,2026-06-25T10:22:00Z
20170,SUB URBAN AMRITSAR,"C-BLOCK RANJIT AVENUE(FL12), HOUSING BOARD COLONY(FL06)",Cancellation Request Approved (Permit not active),2026-06-25T10:22:37Z,2026-06-25T10:20:00Z
20169,Zirakpur,MUKANDPUR(FL03),Rejected BY SSA/SSO,2026-06-25T10:20:57Z,2026-06-25T10:19:00Z
20168,Zirakpur,MUKANDPUR(FL03),Rejected BY SSA/SSO,2026-06-25T10:16:57Z,2026-06-25T10:16:00Z
20167,Zirakpur,MUKANDPUR(FL03),Rejected BY SSA/SSO,2026-06-25T10:12:36Z,2026-06-25T10:11:00Z
20166,SANGRUR,"11 KV MODEL TOWN AP(CHHAJLI GRID(FL24), 11 KV SUNAM ROAD AP(CHHAJLI GRID(FL09)",Cancellation Request Approved (Permit not active),2026-06-25T10:11:21Z,2026-06-25T10:10:00Z
20165,SANGRUR,"Bakhopir II(FL10), DIALPURA(FL03)",Cancellation Request Approved (Permit not active),2026-06-25T10:06:57Z,2026-06-25T10:05:00Z
20164,SANGRUR,"Bagrian Road(FL02), Mannwala(FL11), Industrial (Dhuri)(FL16)",Cancellation Request Approved (Permit not active),2026-06-25T10:05:43Z,2026-06-25T10:03:00Z
20163,MUKATSAR,11 KV Alamgarh(FL03),Cancellation Request Approved (Permit not active),2026-06-25T10:04:17Z,2026-06-25T10:03:00Z
20162,Zirakpur,MUKANDPUR(FL03),Rejected BY SSA/SSO,2026-06-25T10:03:51Z,2026-06-25T10:03:00Z
20161,Zirakpur,MUKANDPUR(FL03),Rejected BY SSA/SSO,2026-06-25T10:01:52Z,2026-06-25T10:00:00Z
20160,MUKATSAR,"HARIPURA(FL02), PANJKOSI(FL06)",Cancellation Request Approved (Permit not active),2026-06-25T09:46:52Z,2026-06-25T09:46:00Z
20159,KHANNA,ANJ(FL07),Cancellation Request Approved (Permit not active),2026-06-25T09:34:43Z,2026-06-25T09:32:00Z
20158,FARIDKOT,MADAK ROAD(FL04),Cancellation Request Approved (Permit not active),2026-06-25T09:14:05Z,2026-06-25T09:11:00Z
20157,JALANDHAR,INDUSTRIAL AREA 1(FL14),Cancellation Request Approved (Permit not active),2026-06-25T08:46:03Z,2026-06-25T08:44:00Z
20156,KHANNA,Amloh Road(FL22),Cancellation Request Approved (Permit not active),2026-06-25T08:42:12Z,2026-06-25T08:41:00Z
20155,KHANNA,Amloh Road(FL22),Permit Request Submitted (Permit not active),2026-06-25T08:30:25Z,2026-06-25T08:29:00Z
20154,KHANNA,Amloh Road(FL22),Rejected BY SSA/SSO,2026-06-25T08:26:59Z,2026-06-25T08:25:00Z
20153,JALANDHAR,GADAI PUR - 2(FL22),Cancellation Request Approved (Permit not active),2026-06-25T03:10:42Z,2026-06-25T03:10:00Z
20152,SUB URBAN AMRITSAR,silverstate(Fl09),Cancellation Request Approved (Permit not active),2026-06-24T23:41:32Z,2026-06-24T23:41:00Z
20151,SUB URBAN AMRITSAR,"D-block,  GAD avenue(FL23)",Cancellation Request Approved (Permit not active),2026-06-24T23:38:45Z,2026-06-24T23:38:00Z
20150,JALANDHAR,GURU AMAR DASS NAGAR(FL14),Cancellation Request Approved (Permit not active),2026-06-24T22:52:58Z,2026-06-24T22:52:00Z
20149,JALANDHAR,UDYOG NAGAR(FL12),Cancellation Request Approved (Permit not active),2026-06-24T22:09:05Z,2026-06-24T22:08:00Z
20148,KHANNA,"Sangtpura(FL15), New Shanti Nagar(FL26)",Cancellation Request Approved (Permit not active),2026-06-24T21:03:20Z,2026-06-24T21:02:00Z
20147,JALANDHAR,SHANKAR(FL01),Cancellation Request Approved (Permit not active),2026-06-24T20:58:41Z,2026-06-24T20:58:00Z
20146,SANGRUR,GEHLAN(FL10),Cancellation Request Approved (Permit not active),2026-06-24T20:13:51Z,2026-06-24T20:11:00Z
20145,JALANDHAR,SHANKAR(FL01),Cancellation Request Approved (Permit not active),2026-06-24T19:18:59Z,2026-06-24T19:18:00Z
20144,JALANDHAR,GLOBE COLONY(FL06),Cancellation Request Approved (Permit not active),2026-06-24T19:03:05Z,2026-06-24T19:01:00Z
20143,JALANDHAR,GURU AMAR DASS NAGAR(FL14),Cancellation Request Approved (Permit not active),2026-06-24T18:52:09Z,2026-06-24T18:45:00Z
20142,SUB URBAN AMRITSAR,RAKH NAG(FL15),Cancellation Request Approved (Permit not active),2026-06-24T18:37:05Z,2026-06-24T18:35:00Z
20141,SANGRUR,GULARI(D232),Cancellation Request Approved (Permit not active),2026-06-24T18:01:55Z,2026-06-24T18:00:00Z
20140,TARN TARAN,THATHIAN UPS(FL14),Cancellation Request Approved (Permit not active),2026-06-24T17:53:13Z,2026-06-24T17:52:00Z
20139,Zirakpur,DAPPAR(FL16),Cancellation Request Approved (Permit not active),2026-06-24T17:53:02Z,2026-06-24T17:52:00Z
20138,SANGRUR,Rampura (BHT)(FL04),Cancellation Request Approved (Permit not active),2026-06-24T17:50:16Z,2026-06-24T17:47:00Z
20137,PATIALA,Ram Ashram(FL04),Cancellation Request Approved (Permit not active),2026-06-24T17:45:14Z,2026-06-24T17:44:00Z
20136,KAPURTHALA,URBAN INDUSTRY(FL17),Cancellation Request Approved (Permit not active),2026-06-24T17:20:56Z,2026-06-24T17:20:00Z
20135,JALANDHAR,FAZIL PUR(FL28),Cancellation Request Approved (Permit not active),2026-06-24T17:12:48Z,2026-06-24T17:11:00Z
20134,SANGRUR,UPS GULARI(FL06),Cancellation Request Approved (Permit not active),2026-06-24T16:27:55Z,2026-06-24T16:26:00Z
20133,SANGRUR,MAKORD SAHIB(new+old)(FL05),Cancellation Request Approved (Permit not active),2026-06-24T16:24:49Z,2026-06-24T16:23:00Z
20132,PATIALA,UPS RAIPUR(FL15),Cancellation Request Approved (Permit not active),2026-06-24T16:15:03Z,2026-06-24T16:14:00Z
20131,Zirakpur,MIAN PUR(FL18),Cancellation Request Approved (Permit not active),2026-06-24T16:09:31Z,2026-06-24T16:08:00Z
20130,Zirakpur,DERABASSI URBAN II(FL19),Cancellation Request Approved (Permit not active),2026-06-24T16:05:35Z,2026-06-24T16:03:00Z
20129,PATIALA,SULAR(FL12),Cancellation Request Approved (Permit not active),2026-06-24T16:03:19Z,2026-06-24T16:01:00Z
20128,HOSHIARPUR,BADLA(FL05),Cancellation Request Approved (Permit not active),2026-06-24T15:53:39Z,2026-06-24T15:50:00Z
20127,JALANDHAR,EKTA NAGAR(FL11),Cancellation Request Approved (Permit not active),2026-06-24T15:36:36Z,2026-06-24T15:36:00Z
20126,KAPURTHALA,"Gill(FL08), UPS KACHI SARAI KHAS(FL11), Kangna(FL01), URBAN INDUSTRY(FL17)",Cancellation Request Approved (Permit not active),2026-06-24T15:16:33Z,2026-06-24T15:15:00Z
20125,PATIALA,Omaxe(FL17),Cancellation Request Approved (Permit not active),2026-06-24T15:15:00Z,2026-06-24T15:11:00Z
20124,Zirakpur,11KV BEHRA FEEDER(E39),Cancellation Request Approved (Permit not active),2026-06-24T15:05:14Z,2026-06-24T15:04:00Z
20123,SUB URBAN AMRITSAR,BABA SHRI CHAND AVNUE(FL12),Cancellation Request Approved (Permit not active),2026-06-24T15:04:03Z,2026-06-24T15:03:00Z
20122,MUKATSAR,11 KV New Water Works -2(FL06),Cancellation Request Approved (Permit not active),2026-06-24T14:47:26Z,2026-06-24T14:46:00Z
20121,SUB URBAN AMRITSAR,MES(FL02),Cancellation Request Approved (Permit not active),2026-06-24T14:42:01Z,2026-06-24T14:40:00Z
20120,SANGRUR,UPS-1(FL07),Cancellation Request Approved (Permit not active),2026-06-24T14:37:51Z,2026-06-24T14:37:00Z
20119,KAPURTHALA,UPS MALLIWAL(FL16),Cancellation Request Approved (Permit not active),2026-06-24T14:31:43Z,2026-06-24T14:30:00Z
20118,JALANDHAR,UNIVERSIY(FL04),Cancellation Request Approved (Permit not active),2026-06-24T14:26:19Z,2026-06-24T14:25:00Z
20117,KAPURTHALA,"Gill(FL08), UPS KACHI SARAI KHAS(FL11), URBAN INDUSTRY(FL17)",Cancellation Request Approved (Permit not active),2026-06-24T14:01:17Z,2026-06-24T13:59:00Z
20115,KAPURTHALA,URBAN INDUSTRY(FL17),Cancellation Request Approved (Permit not active),2026-06-24T13:48:12Z,2026-06-24T13:47:00Z
20114,SANGRUR,UPS RAMPURA(FL21),Cancellation Request Approved (Permit not active),2026-06-24T13:29:13Z,2026-06-24T13:27:00Z
20113,SANGRUR,Radhe krishan+(handa branch)a.p(FL09),Cancellation Request Approved (Permit not active),2026-06-24T13:25:32Z,2026-06-24T13:24:00Z
20112,SANGRUR,City-II(FL13),Cancellation Request Approved (Permit not active),2026-06-24T13:22:06Z,2026-06-24T13:20:00Z
20111,SUB URBAN AMRITSAR,DADDIAN UPS(FL04),Cancellation Request Approved (Permit not active),2026-06-24T13:17:06Z,2026-06-24T13:15:00Z
20110,PATIALA,"Ablowal(FL11), Assa Majra(FL04)",Cancellation Request Approved (Permit not active),2026-06-24T13:08:18Z,2026-06-24T13:07:00Z
20109,JALANDHAR,INDUSTRIAL-3(FL13),Cancellation Request Approved (Permit not active),2026-06-24T12:48:55Z,2026-06-24T12:47:00Z
20108,Zirakpur,JAGAN TUBE(FL02),Cancellation Request Approved (Permit not active),2026-06-24T12:48:00Z,2026-06-24T12:47:00Z
20107,SANGRUR,11 KV BHATTIWAL KALAN(FL12),Cancellation Request Approved (Permit not active),2026-06-24T12:37:24Z,2026-06-24T12:36:00Z
20106,TARN TARAN,PANDORI SIDHWAN(FL04),Cancellation Request Approved (Permit not active),2026-06-24T12:26:03Z,2026-06-24T12:25:00Z
20105,MUKATSAR,11 KV Rajiv Nagar(FL16),Cancellation Request Approved (Permit not active),2026-06-24T12:15:06Z,2026-06-24T12:14:00Z
20104,PATIALA,"POLA(FL04), UPS 2(FL10)",Cancellation Request Approved (Permit not active),2026-06-24T11:55:56Z,2026-06-24T11:54:00Z
20103,PATIALA,"UPS 2(FL10), POLA(FL04)",Permit Request Submitted (Permit not active),2026-06-24T11:44:39Z,2026-06-24T11:43:00Z
20102,FARIDKOT,SHAHEED BHAGAT SINGH NAGAR(FL26),Cancellation Request Approved (Permit not active),2026-06-24T11:36:00Z,2026-06-24T11:35:00Z
20101,SUB URBAN AMRITSAR,INDUSTRY MAJITHA(FL06),Cancellation Request Approved (Permit not active),2026-06-24T11:09:16Z,2026-06-24T11:08:00Z
20100,JALANDHAR,WATER SUPPLY(FL3),Cancellation Request Approved (Permit not active),2026-06-24T10:49:26Z,2026-06-24T10:48:00Z
20099,FARIDKOT,11 KV FATEH SINGH(FL13),Cancellation Request Approved (Permit not active),2026-06-24T10:39:58Z,2026-06-24T10:39:00Z
20098,GURDASPUR,Prem Nagar(FL07),Cancellation Request Approved (Permit not active),2026-06-24T10:31:11Z,2026-06-24T10:28:00Z
20097,SANGRUR,FOCAL POINT(FL02),Cancellation Request Approved (Permit not active),2026-06-24T10:26:54Z,2026-06-24T10:26:00Z
20096,JALANDHAR,11KV GTB NAGAR(FL07),Cancellation Request Approved (Permit not active),2026-06-24T10:12:56Z,2026-06-24T10:12:00Z
20095,MUKATSAR,11 KV SAIDANWALI(FL07),Cancellation Request Approved (Permit not active),2026-06-24T10:12:50Z,2026-06-24T10:11:00Z
20094,MUKATSAR,"11 KV KANDHWALA UPS(FL06), 11 KV BHAGU(FL01)",Cancellation Request Approved (Permit not active),2026-06-24T10:06:10Z,2026-06-24T10:03:00Z
20093,CITY AMRITSAR,MAKBOOL PURA(FL09),Cancellation Request Approved (Permit not active),2026-06-24T10:03:56Z,2026-06-24T10:03:00Z
20092,Zirakpur,Dehar. Cat. 1(FL21),Permit Request Submitted (Permit not active),2026-06-24T09:31:33Z,2026-06-24T09:30:00Z
20091,GURDASPUR,"Barnala(FL16), Kalanangal(FL10), BATHWALA(FL09), Meerpur(FL01)",Cancellation Request Approved (Permit not active),2026-06-24T09:31:02Z,2026-06-24T09:29:00Z
20090,JALANDHAR,11kv Nangal shama(FL40),Cancellation Request Approved (Permit not active),2026-06-24T08:15:03Z,2026-06-24T08:14:00Z
20089,Zirakpur,LALRU RURAL  Kandi Pure AP(FL23),Cancellation Request Approved (Permit not active),2026-06-24T08:06:57Z,2026-06-24T08:06:00Z
20088,SUB URBAN AMRITSAR,DADDIAN UPS(FL04),Cancellation Request Approved (Permit not active),2026-06-24T07:41:47Z,2026-06-24T07:40:00Z
20087,MUKATSAR,"11 KV New Water Works -2(FL06), 11 KV Dhani Bisehesarnath(FL02), 11 KV Azimgarh Urban(FL03)",Cancellation Request Approved (Permit not active),2026-06-24T07:19:07Z,2026-06-24T07:18:00Z
20086,SUB URBAN AMRITSAR,11 kv Bhullar Avenue(FL22),Cancellation Request Approved (Permit not active),2026-06-24T01:59:49Z,2026-06-24T01:58:00Z
20085,GURDASPUR,CITY 2(FL11),Cancellation Request Approved (Permit not active),2026-06-23T23:57:03Z,2026-06-23T23:53:00Z
20084,Zirakpur,Dehar. Cat. 1(FL21),Cancellation Request Approved (Permit not active),2026-06-23T22:08:45Z,2026-06-23T22:07:00Z
20083,Zirakpur,11 KV PREM NAGAR FEEDER(FL29),Cancellation Request Approved (Permit not active),2026-06-23T21:38:55Z,2026-06-23T21:38:00Z
20082,SUB URBAN AMRITSAR,GUMTALA(FL10),Cancellation Request Approved (Permit not active),2026-06-23T20:56:41Z,2026-06-23T20:55:00Z
20081,CITY WEST LUDHIANA,ADARSH(FL02),Cancellation Request Approved (Permit not active),2026-06-23T20:39:31Z,2026-06-23T20:39:00Z
20080,SANGRUR,"Nagar khera(FL01), UPS GULARI(FL06)",Cancellation Request Approved (Permit not active),2026-06-23T19:59:25Z,2026-06-23T19:58:00Z
20079,Zirakpur,MAHIWALA(FL06),Cancellation Request Approved (Permit not active),2026-06-23T19:38:22Z,2026-06-23T19:37:00Z
20078,CITY WEST LUDHIANA,VISHAL NAGAR(FL05),Cancellation Request Approved (Permit not active),2026-06-23T19:34:45Z,2026-06-23T19:34:00Z
20077,CITY WEST LUDHIANA,VISHAL NAGAR(FL05),Rejected BY SSA/SSO,2026-06-23T19:33:47Z,2026-06-23T19:32:00Z
20076,CITY WEST LUDHIANA,JAWADDI(FL17),Cancellation Request Approved (Permit not active),2026-06-23T19:05:48Z,2026-06-23T19:04:00Z
20075,CITY WEST LUDHIANA,JAWADDI(FL17),Rejected BY SSA/SSO,2026-06-23T19:04:05Z,2026-06-23T19:03:00Z
20074,CITY WEST LUDHIANA,JAWADDI(FL17),Rejected BY SSA/SSO,2026-06-23T19:00:03Z,2026-06-23T18:56:00Z
20073,JALANDHAR,GURU AMAR DASS NAGAR(FL14),Cancellation Request Approved (Permit not active),2026-06-23T18:54:35Z,2026-06-23T18:54:00Z
20072,SANGRUR,Udham Singh(FL08),Cancellation Request Approved (Permit not active),2026-06-23T18:53:16Z,2026-06-23T18:52:00Z
20071,MUKATSAR,11 KV KANDHWALA Road Urban(FL10),Cancellation Request Approved (Permit not active),2026-06-23T18:50:19Z,2026-06-23T18:49:00Z
20070,JALANDHAR,EKTA NAGAR(FL11),Cancellation Request Approved (Permit not active),2026-06-23T18:41:03Z,2026-06-23T18:40:00Z
20069,Zirakpur,11KV BEHRA FEEDER(E39),Cancellation Request Approved (Permit not active),2026-06-23T18:29:05Z,2026-06-23T18:28:00Z
20068,Zirakpur,11 KV PREM NAGAR FEEDER(FL29),Cancellation Request Approved (Permit not active),2026-06-23T18:01:34Z,2026-06-23T18:00:00Z
20067,MUKATSAR,11 KV NAI ABADI(FL04),Cancellation Request Approved (Permit not active),2026-06-23T17:51:45Z,2026-06-23T17:51:00Z
20066,SANGRUR,KARODA CAT1(FL03),Cancellation Request Approved (Permit not active),2026-06-23T17:50:17Z,2026-06-23T17:49:00Z
20065,FARIDKOT,AMRITSAR ROAD URBAN(FL08),Cancellation Request Approved (Permit not active),2026-06-23T17:48:33Z,2026-06-23T17:48:00Z
20064,FARIDKOT,AMRITSAR ROAD URBAN(FL08),Permit Request Submitted (Permit not active),2026-06-23T17:47:45Z,2026-06-23T17:47:00Z
20063,JALANDHAR,EKTA NAGAR(FL11),Cancellation Request Approved (Permit not active),2026-06-23T17:26:41Z,2026-06-23T17:25:00Z
20062,SANGRUR,SURJANBHANI(FL10),Cancellation Request Approved (Permit not active),2026-06-23T16:35:41Z,2026-06-23T16:33:00Z
20061,Zirakpur,JEOLY(FL08),Cancellation Request Approved (Permit not active),2026-06-23T16:32:51Z,2026-06-23T16:31:00Z
20060,FARIDKOT,SAHIBZADA AJIT SINGH NAGAR(FL18),Cancellation Request Approved (Permit not active),2026-06-23T16:31:53Z,2026-06-23T16:33:00Z
20059,SUB URBAN AMRITSAR,"C-BLOCK RANJIT AVENUE(FL12), HOUSING BOARD COLONY(FL06)",Cancellation Request Approved (Permit not active),2026-06-23T16:16:51Z,2026-06-23T16:16:00Z
20058,SANGRUR,Bakhopir II(FL10),Cancellation Request Approved (Permit not active),2026-06-23T15:47:31Z,2026-06-23T15:46:00Z
20057,PATIALA,Mehs Gate(FL04),Cancellation Request Approved (Permit not active),2026-06-23T15:30:49Z,2026-06-23T15:29:00Z
20056,SANGRUR,MAKORD SAHIB(new+old)(FL05),Cancellation Request Approved (Permit not active),2026-06-23T15:30:23Z,2026-06-23T15:29:00Z
20055,PATIALA,"Focal Point Nohra(FL20), RURAL DANDRALA(FL15)",Cancellation Request Approved (Permit not active),2026-06-23T15:16:49Z,2026-06-23T15:14:00Z
20054,JALANDHAR,RANDHAWA MASANDA(FL04),Cancellation Request Approved (Permit not active),2026-06-23T14:57:26Z,2026-06-23T14:56:00Z
20053,SANGRUR,"24 HRS. MAHASINGHWALA(FL07), MAKORD SAHIB(FL02)",Cancellation Request Approved (Permit not active),2026-06-23T14:44:34Z,2026-06-23T14:43:00Z
20052,SANGRUR,Bhunder Bhaini(FL04),Rejected BY SSA/SSO,2026-06-23T14:44:13Z,2026-06-23T14:43:00Z
20051,SANGRUR,11 KV LEHRA ROAD C2(FL10),Cancellation Request Approved (Permit not active),2026-06-23T14:21:13Z,2026-06-23T14:19:00Z
20050,Zirakpur,11 KV PREM NAGAR FEEDER(FL29),Cancellation Request Approved (Permit not active),2026-06-23T13:49:03Z,2026-06-23T13:47:00Z
20049,Zirakpur,11 KV PREM NAGAR FEEDER(FL29),Permit Request Submitted (Permit not active),2026-06-23T13:45:08Z,2026-06-23T13:43:00Z
20048,SANGRUR,Khokhar UPS(FL06),Cancellation Request Approved (Permit not active),2026-06-23T12:42:12Z,2026-06-23T12:41:00Z
20047,MUKATSAR,11 KV Chirag dhani(FL17),Cancellation Request Approved (Permit not active),2026-06-23T12:40:13Z,2026-06-23T12:38:00Z
20046,SANGRUR,11 KV BAKSHIWALA AP(66 KV SUNAM)(FL09),Cancellation Request Approved (Permit not active),2026-06-23T12:14:56Z,2026-06-23T12:13:00Z
20045,SANGRUR,GULARI(D232),Cancellation Request Approved (Permit not active),2026-06-23T12:14:49Z,2026-06-23T12:12:00Z
20044,SUB URBAN AMRITSAR,NAVE NAAG AP(FL05),Cancellation Request Approved (Permit not active),2026-06-23T12:09:31Z,2026-06-23T12:08:00Z
20043,SANGRUR,11 kV triveni(FL04),Cancellation Request Approved (Permit not active),2026-06-23T12:05:54Z,2026-06-23T12:05:00Z
20042,SANGRUR,24 HRS. BALRAN(FL01),Cancellation Request Approved (Permit not active),2026-06-23T11:45:19Z,2026-06-23T11:44:00Z
20041,SANGRUR,GEHLAN(FL10),Cancellation Request Approved (Permit not active),2026-06-23T11:24:56Z,2026-06-23T11:23:00Z
20040,SUB URBAN AMRITSAR,Sethan Wala(FL17),Cancellation Request Approved (Permit not active),2026-06-23T11:19:40Z,2026-06-23T11:18:00Z
20039,Zirakpur,"MIAN PUR(FL18), DAPPAR(FL16), MUKANDPUR(FL03)",Cancellation Request Approved (Permit not active),2026-06-23T11:16:15Z,2026-06-23T11:14:00Z
20038,SANGRUR,Banbhauri(_-_),Cancellation Request Approved (Permit not active),2026-06-23T11:12:55Z,2026-06-23T11:11:00Z
20037,MUKATSAR,11 KV South Avenue(FL01),Active But Cancellation Request Submitted,2026-06-23T11:03:26Z,2026-06-23T11:01:00Z
20036,CITY AMRITSAR,TOWN HALL(FL21),Permit Request Submitted (Permit not active),2026-06-23T11:02:40Z,2026-06-23T11:01:00Z
20035,GURDASPUR,Baba Tehal Singh(FL01),Cancellation Request Approved (Permit not active),2026-06-23T10:33:36Z,2026-06-23T10:31:00Z
20034,GURDASPUR,Baba Tehal Singh(FL01),Permit Request Submitted (Permit not active),2026-06-23T10:25:44Z,2026-06-23T10:20:00Z
20033,MUKATSAR,"11 KV Focal Point-1(FL14), 11 KV Focal Point-2(FL15)",Cancellation Request Approved (Permit not active),2026-06-23T09:58:49Z,2026-06-23T09:58:00Z
20032,SANGRUR,MAKORD SAHIB(new+old)(FL05),Cancellation Request Approved (Permit not active),2026-06-23T09:42:31Z,2026-06-23T09:41:00Z
20031,CITY AMRITSAR,Toot Sahib(FL16),Permit Request Submitted (Permit not active),2026-06-23T09:12:28Z,2026-06-23T09:11:00Z
20030,CITY AMRITSAR,Toot Sahib(FL16),Approved/ Active Permit,2026-06-23T09:12:16Z,2026-06-23T09:11:00Z
20029,CITY AMRITSAR,100 ft. ROAD(FL12),Rejected BY SSA/SSO,2026-06-23T09:07:15Z,2026-06-23T09:04:00Z
20028,MUKATSAR,11 KV Dharampura(FL09),Cancellation Request Approved (Permit not active),2026-06-23T08:48:28Z,2026-06-23T08:46:00Z
20027,MUKATSAR,11 KV Dharampura(FL09),Rejected BY SSA/SSO,2026-06-23T08:44:31Z,2026-06-23T08:42:00Z
20026,MUKATSAR,11 KV Dharampura(FL09),Rejected BY SSA/SSO,2026-06-23T08:41:13Z,2026-06-23T08:37:00Z
20025,MUKATSAR,11 KV Alamgarh(FL03),Cancellation Request Approved (Permit not active),2026-06-23T08:34:31Z,2026-06-23T08:32:00Z
20024,Zirakpur,11 KV PREM NAGAR FEEDER(FL29),Cancellation Request Approved (Permit not active),2026-06-23T08:07:49Z,2026-06-23T08:06:00Z
20023,MUKATSAR,DAULATPURA UPS(FL08),Cancellation Request Approved (Permit not active),2026-06-23T07:23:36Z,2026-06-23T07:23:00Z
20022,CITY AMRITSAR,MAQBOOL ROAD(FL08),Cancellation Request Approved (Permit not active),2026-06-23T04:37:41Z,2026-06-23T04:36:00Z
20021,GURDASPUR,Preet Nagar(FL05),Permit Request Submitted (Permit not active),2026-06-23T00:43:17Z,2026-06-23T00:40:00Z
20020,GURDASPUR,Preet Nagar(FL05),Permit Request Submitted (Permit not active),2026-06-23T00:37:59Z,2026-06-23T00:34:00Z
20019,PATIALA,11 KV RAI MAJRA(FL15),Cancellation Request Approved (Permit not active),2026-06-22T22:29:30Z,2026-06-22T22:28:00Z
20018,Zirakpur,11 KV PREM NAGAR FEEDER(FL29),Cancellation Request Approved (Permit not active),2026-06-22T21:36:54Z,2026-06-22T21:35:00Z
20017,KHANNA,Chander Lok(FL03),Cancellation Request Approved (Permit not active),2026-06-22T19:27:01Z,2026-06-22T19:26:00Z
20016,SANGRUR,CAT-- 1 MAKORAR SAHIB(FL01),Cancellation Request Approved (Permit not active),2026-06-22T19:16:32Z,2026-06-22T19:16:00Z
20015,JALANDHAR,"GADAIPUR-1(FL15), GADAI PUR - 2(FL22), FAZIL PUR(FL28)",Cancellation Request Approved (Permit not active),2026-06-22T19:14:32Z,2026-06-22T19:12:00Z
20014,SANGRUR,DYALGARH(FL09),Cancellation Request Approved (Permit not active),2026-06-22T19:11:58Z,2026-06-22T19:11:00Z
20013,PATIALA,11 kV DHAMO MAJRA(FL25),Cancellation Request Approved (Permit not active),2026-06-22T19:00:16Z,2026-06-22T18:59:00Z
20012,JALANDHAR,BABA VISHKARMA MANDIR(FL06),Cancellation Request Approved (Permit not active),2026-06-22T19:00:14Z,2026-06-22T18:59:00Z
20011,SANGRUR,Bhattiwal (UPS)(FL03),Cancellation Request Approved (Permit not active),2026-06-22T18:41:56Z,2026-06-22T18:40:00Z
20010,SANGRUR,Bhattiwal (UPS)(FL03),Rejected BY SSA/SSO,2026-06-22T18:34:09Z,2026-06-22T18:33:00Z
20009,SANGRUR,"THASKA(FL06), GULARI(D232), KARODA(FL05)",Cancellation Request Approved (Permit not active),2026-06-22T18:32:48Z,2026-06-22T18:30:00Z
20008,SANGRUR,Bhattiwal (UPS)(FL03),Rejected BY SSA/SSO,2026-06-22T18:31:38Z,2026-06-22T18:30:00Z
20007,SUB URBAN AMRITSAR,"MES(FL02), Airforce(FL05)",Cancellation Request Approved (Permit not active),2026-06-22T18:11:33Z,2026-06-22T18:10:00Z
20006,SUB URBAN AMRITSAR,"RAKH NAG(FL15), NAG KALAN(FL01)",Cancellation Request Approved (Permit not active),2026-06-22T17:29:34Z,2026-06-22T17:28:00Z
20005,CITY WEST LUDHIANA,NEW JANTA NAGAR(FL11),Cancellation Request Approved (Permit not active),2026-06-22T17:22:24Z,2026-06-22T17:21:00Z
20004,Zirakpur,JEOLY(FL08),Cancellation Request Approved (Permit not active),2026-06-22T17:16:49Z,2026-06-22T17:14:00Z
20003,SUB URBAN AMRITSAR,DADDIAN UPS(FL04),Cancellation Request Approved (Permit not active),2026-06-22T17:13:01Z,2026-06-22T17:12:00Z
20002,SANGRUR,BHULLAN(FL14),Cancellation Request Approved (Permit not active),2026-06-22T16:38:31Z,2026-06-22T16:37:00Z
20001,SANGRUR,24 HRS. BALRAN(FL01),Cancellation Request Approved (Permit not active),2026-06-22T16:27:10Z,2026-06-22T16:26:00Z
20000,JALANDHAR,SHANKAR(FL01),Cancellation Request Approved (Permit not active),2026-06-22T16:20:02Z,2026-06-22T16:18:00Z
19999,FARIDKOT,LOHARA AP(FL15),Permit Request Submitted (Permit not active),2026-06-22T15:11:47Z,2026-06-22T15:13:00Z
19998,FARIDKOT,LOHARA AP(FL15),Permit Request Submitted (Permit not active),2026-06-22T15:09:12Z,2026-06-22T15:11:00Z
19997,SANGRUR,Ratoke(FL13),Cancellation Request Approved (Permit not active),2026-06-22T14:58:52Z,2026-06-22T14:57:00Z
19996,GURDASPUR,CITY AWANKHA(FL14),Rejected BY SSA/SSO,2026-06-22T14:56:59Z,2026-06-22T14:56:00Z
19995,SANGRUR,Udham Singh(FL08),Cancellation Request Approved (Permit not active),2026-06-22T14:56:57Z,2026-06-22T14:56:00Z
19994,GURDASPUR,CITY AWANKHA(FL14),Rejected BY SSA/SSO,2026-06-22T14:53:33Z,2026-06-22T14:52:00Z
19993,FARIDKOT,AMRITSAR ROAD URBAN(FL08),Cancellation Request Approved (Permit not active),2026-06-22T14:42:28Z,2026-06-22T14:42:00Z
19992,FARIDKOT,AMRITSAR ROAD URBAN(FL08),Rejected BY SSA/SSO,2026-06-22T14:41:09Z,2026-06-22T14:39:00Z
19991,SUB URBAN AMRITSAR,Sethan Wala(FL17),Rejected BY SSA/SSO,2026-06-22T14:39:18Z,2026-06-22T14:37:00Z
19990,SANGRUR,11 KV CHHAJLI URBAN(FL06),Cancellation Request Approved (Permit not active),2026-06-22T14:29:40Z,2026-06-22T14:26:00Z
19989,FEROZPUR,11 KV Delhi Gate(FL10),Cancellation Request Approved (Permit not active),2026-06-22T14:05:43Z,2026-06-22T14:04:00Z
19988,JALANDHAR,11KV Mithapur Feeder(FL07),Cancellation Request Approved (Permit not active),2026-06-22T14:01:07Z,2026-06-22T14:00:00Z
19987,Zirakpur,11 KV PREM NAGAR FEEDER(FL29),Cancellation Request Approved (Permit not active),2026-06-22T13:54:28Z,2026-06-22T13:53:00Z
19986,BARNALA,"Industrial-I(FL07), MALERKOTLA UPS(FL05)",Cancellation Request Approved (Permit not active),2026-06-22T13:33:17Z,2026-06-22T13:32:00Z
19985,MUKATSAR,11 KV Chirag dhani(FL17),Cancellation Request Approved (Permit not active),2026-06-22T13:23:40Z,2026-06-22T13:22:00Z
19984,Zirakpur,DAPPAR(FL16),Permit Request Submitted (Permit not active),2026-06-22T13:13:50Z,2026-06-22T13:12:00Z
19983,JALANDHAR,"KMV(FL11), AMAN NAGAR(FL06)",Cancellation Request Approved (Permit not active),2026-06-22T13:08:06Z,2026-06-22T13:07:00Z
19982,PATIALA,11 KV RAI MAJRA(FL15),Cancellation Request Approved (Permit not active),2026-06-22T13:02:22Z,2026-06-22T13:01:00Z
19981,CITY WEST LUDHIANA,NEW JANTA NAGAR(FL11),Cancellation Request Approved (Permit not active),2026-06-22T12:57:20Z,2026-06-22T12:54:00Z
19980,JALANDHAR,LADOWALI ROAD(FL04),Cancellation Request Approved (Permit not active),2026-06-22T12:46:44Z,2026-06-22T12:45:00Z
19979,Zirakpur,Jastna Kandi Pure AP(FL25),Cancellation Request Approved (Permit not active),2026-06-22T12:36:25Z,2026-06-22T12:35:00Z
19978,SANGRUR,UPS RAMPURA(FL21),Cancellation Request Approved (Permit not active),2026-06-22T12:33:44Z,2026-06-22T12:33:00Z
19977,SANGRUR,"KARODA(FL05), THASKA(FL06)",Cancellation Request Approved (Permit not active),2026-06-22T12:24:29Z,2026-06-22T12:23:00Z
19976,Zirakpur,DERA BASSI URBAN(FL05),Cancellation Request Approved (Permit not active),2026-06-22T12:18:38Z,2026-06-22T12:17:00Z
19975,Zirakpur,Dehar. Cat. 1(FL21),Cancellation Request Approved (Permit not active),2026-06-22T12:18:37Z,2026-06-22T12:17:00Z
19974,Zirakpur,Dehar. Cat. 1(FL21),Rejected BY SSA/SSO,2026-06-22T12:13:45Z,2026-06-22T12:12:00Z
19973,PATIALA,BIR RURAL(FL24),Cancellation Request Approved (Permit not active),2026-06-22T12:12:36Z,2026-06-22T12:08:00Z
19972,PATIALA,Prem Nagar Feeder(FL04),Cancellation Request Approved (Permit not active),2026-06-22T12:02:14Z,2026-06-22T12:00:00Z
19971,MUKATSAR,"BHANGER KHERA(FL03), JANDWALA HANUWANTA(FL02)",Cancellation Request Approved (Permit not active),2026-06-22T11:58:59Z,2026-06-22T11:58:00Z
19970,JALANDHAR,SANJAY GANDHI NAGAR(FL32),Cancellation Request Approved (Permit not active),2026-06-22T11:58:38Z,2026-06-22T11:56:00Z
19969,SANGRUR,"CAT-- 1 MAKORAR SAHIB(FL01), Udham Singh(FL08)",Cancellation Request Approved (Permit not active),2026-06-22T11:53:13Z,2026-06-22T11:48:00Z
19968,MUKATSAR,"USMAAN KHERA(FL04), 11 KV Ganganagar Road(FL05)",Cancellation Request Approved (Permit not active),2026-06-22T11:36:21Z,2026-06-22T11:35:00Z
19967,PATIALA,Samania Gate(FLO4),Cancellation Request Approved (Permit not active),2026-06-22T11:20:46Z,2026-06-22T11:19:00Z
19966,MUKATSAR,"Dhani Sucha Singh (Old Chakra)(FL07), 11 KV New Water Works -2(FL06)",Cancellation Request Approved (Permit not active),2026-06-22T11:18:11Z,2026-06-22T11:17:00Z
19965,KHANNA,Badhoshi(FL22),Cancellation Request Approved (Permit not active),2026-06-22T11:16:22Z,2026-06-22T11:14:00Z
19964,KHANNA,Badhoshi(FL22),Permit Request Submitted (Permit not active),2026-06-22T11:11:35Z,2026-06-22T11:10:00Z
19963,KHANNA,JHINJERA BRANCH(FL16),Cancellation Request Approved (Permit not active),2026-06-22T10:53:58Z,2026-06-22T10:52:00Z
19962,KHANNA,JHINJERA BRANCH(FL16),Rejected BY SSA/SSO,2026-06-22T10:47:06Z,2026-06-22T10:45:00Z
19961,JALANDHAR,GADAIPUR-1(FL15),Cancellation Request Approved (Permit not active),2026-06-22T10:43:49Z,2026-06-22T10:43:00Z
19960,SUB URBAN AMRITSAR,TEJ ALLOYS(FL17),Cancellation Request Approved (Permit not active),2026-06-22T10:43:26Z,2026-06-22T10:41:00Z
19959,JALANDHAR,PRITHVI(FL33),Cancellation Request Approved (Permit not active),2026-06-22T10:35:25Z,2026-06-22T10:34:00Z
19958,JALANDHAR,TOWER(FL02),Cancellation Request Approved (Permit not active),2026-06-22T10:34:45Z,2026-06-22T10:32:00Z
19957,TARN TARAN,"Sarja UPS(FL13), Bariana(FL09)",Cancellation Request Approved (Permit not active),2026-06-22T10:31:46Z,2026-06-22T10:30:00Z
19956,KAPURTHALA,UPS MALLIWAL(FL16),Cancellation Request Approved (Permit not active),2026-06-22T10:31:14Z,2026-06-22T10:30:00Z
19955,SANGRUR,Maula Patti(FL10),Cancellation Request Approved (Permit not active),2026-06-22T10:23:10Z,2026-06-22T10:22:00Z
19954,SANGRUR,24 HRS. BALRAN(FL01),Cancellation Request Approved (Permit not active),2026-06-22T10:17:59Z,2026-06-22T10:17:00Z
19953,MUKATSAR,11 KV Alamgarh(FL03),Cancellation Request Approved (Permit not active),2026-06-22T10:00:17Z,2026-06-22T09:59:00Z
19952,PATIALA,Ablowal(FL11),Cancellation Request Approved (Permit not active),2026-06-22T09:53:24Z,2026-06-22T09:52:00Z
19951,MUKATSAR,11 KV Chirag dhani(FL17),Cancellation Request Approved (Permit not active),2026-06-22T09:46:58Z,2026-06-22T09:44:00Z
19950,KAPURTHALA,Khanpur(FL02),Cancellation Request Approved (Permit not active),2026-06-22T09:38:19Z,2026-06-22T09:37:00Z
19949,SUB URBAN AMRITSAR,KOTLA SULTAN SINGH UPS(FL14),Rejected BY SSA/SSO,2026-06-22T09:27:06Z,2026-06-22T09:25:00Z
19948,SUB URBAN AMRITSAR,DADDIAN UPS(FL04),Cancellation Request Approved (Permit not active),2026-06-22T09:05:16Z,2026-06-22T09:04:00Z
19947,Zirakpur,"DAPPAR(FL16), JEOLY(FL08)",Cancellation Request Approved (Permit not active),2026-06-22T08:45:33Z,2026-06-22T08:43:00Z
19946,MUKATSAR,11 KV KILLIANWALI(FL06),Cancellation Request Approved (Permit not active),2026-06-22T08:37:20Z,2026-06-22T08:36:00Z
19945,MUKATSAR,11 KV KILLIANWALI(FL06),Rejected BY SSA/SSO,2026-06-22T08:26:24Z,2026-06-22T08:24:00Z
19944,TARN TARAN,PANDORI SIDHWAN(FL04),Cancellation Request Approved (Permit not active),2026-06-22T07:54:34Z,2026-06-22T07:54:00Z
19943,TARN TARAN,KOT DASANDI MAL(FL02),Cancellation Request Approved (Permit not active),2026-06-22T07:52:37Z,2026-06-22T07:51:00Z
19942,SUB URBAN AMRITSAR,HAMZA AP(FL08),Cancellation Request Approved (Permit not active),2026-06-22T07:44:08Z,2026-06-22T07:42:00Z
19941,CITY AMRITSAR,MAQBOOL ROAD(FL08),Cancellation Request Approved (Permit not active),2026-06-22T00:29:15Z,2026-06-22T00:27:00Z
