outage_id,Zone,Circle,Feeder,Type of Outage,Status,Start Time,End Time,Diff in mins
1914063,South,PATIALA,Puda enclave,Planned,Active,2026-08-11T10:00:00Z,2026-08-11T14:00:00Z,240
1913997,South,PATIALA,11 kV feeder Dardi colony,Planned,Active,2026-08-11T10:00:00Z,2026-08-11T14:00:00Z,240
1914075,Border,TARN TARAN,KHABERAJPUTA,Unplanned,Active,2026-08-11T09:00:00Z,2026-08-11T11:10:11Z,130
1914073,Border,TARN TARAN,Udhonangal,Unplanned,Active,2026-08-11T09:00:00Z,2026-08-11T11:00:00Z,120
1914072,Border,TARN TARAN,KARTARRPUR UPS,Unplanned,Active,2026-08-11T09:00:00Z,2026-08-11T11:00:00Z,120
1914071,West,MUKATSAR,11 KV TARA ESTATE,Unplanned,Active,2026-08-11T08:51:47Z,2026-08-11T09:48:53Z,57
1914074,South,PATIALA,AMARGARH UPS,Unplanned,Active,2026-08-11T08:50:00Z,2026-08-11T10:50:00Z,120
1914070,West,MUKATSAR,11 KV GANGA NAGAR ROAD,Unplanned,Active,2026-08-11T08:49:25Z,2026-08-11T09:54:33Z,65
1914069,Border,TARN TARAN,JAWANDY,Unplanned,Closed,2026-08-11T07:55:00Z,2026-08-11T09:00:00Z,65
1914068,North,JALANDHAR,GAUSHALLA,Unplanned,Closed,2026-08-11T07:36:00Z,2026-08-11T08:35:00Z,59
1914067,South,SANGRUR,SARON 2,Unplanned,Active,2026-08-11T07:36:00Z,2026-08-11T09:00:00Z,84
1914065,Border,SUB URBAN AMRITSAR,MES,Unplanned,Closed,2026-08-10T23:35:00Z,2026-08-11T00:25:00Z,50
1914056,South,PATIALA,11 KV PUDA ENCLAVE,Unplanned,Closed,2026-08-10T22:05:00Z,2026-08-10T22:30:00Z,25
1914055,East,ROPAR,MADPUR,Unplanned,Closed,2026-08-10T22:05:00Z,2026-08-10T22:43:00Z,38
1914054,North,JALANDHAR,SANJAY GANDHI NAGAR,Unplanned,Closed,2026-08-10T21:41:00Z,2026-08-10T22:04:00Z,23
1914053,South,PATIALA,Mohindra College,Unplanned,Closed,2026-08-10T21:35:04Z,2026-08-10T22:31:23Z,56
1914062,Border,CITY AMRITSAR,Cheel Mandi,Unplanned,Closed,2026-08-10T20:29:00Z,2026-08-10T21:55:00Z,86
1914052,East,Zirakpur,TRY CITY,Unplanned,Closed,2026-08-10T20:05:00Z,2026-08-10T20:15:00Z,10
1914050,West,FEROZPUR,UPS FEEDER,Planned,Closed,2026-08-10T19:51:00Z,2026-08-10T20:11:00Z,20
1914051,East,Zirakpur,SAINI VIHAR,Unplanned,Closed,2026-08-10T19:45:00Z,2026-08-10T20:05:00Z,20
1914049,West,FARIDKOT,LandeKe URBAN,Unplanned,Closed,2026-08-10T19:44:37Z,2026-08-10T20:08:55Z,24
1914048,South,PATIALA,SST Nagar,Unplanned,Closed,2026-08-10T19:29:36Z,2026-08-10T20:45:00Z,75
1914047,South,PATIALA,Mohindra College,Unplanned,Closed,2026-08-10T19:17:39Z,2026-08-10T19:36:05Z,18
1914046,East,Zirakpur,ORBIT,Unplanned,Closed,2026-08-10T18:25:00Z,2026-08-10T19:25:00Z,60
1914045,South,PATIALA,INDUSTRIAL,Unplanned,Closed,2026-08-10T18:25:00Z,2026-08-10T20:00:00Z,95
1914044,Border,GURDASPUR,Khanpur,Unplanned,Closed,2026-08-10T17:30:00Z,2026-08-10T18:12:00Z,42
1914042,South,PATIALA,DIDAR STEEL,Unplanned,Closed,2026-08-10T17:18:00Z,2026-08-10T17:55:00Z,37
1914043,South,PATIALA,11KV NARENDRA ENCLAVE,Unplanned,Closed,2026-08-10T17:15:00Z,2026-08-10T17:40:00Z,25
1914040,South,SANGRUR,KARODA CAT1,Unplanned,Closed,2026-08-10T17:10:53Z,2026-08-10T17:42:00Z,31
1914041,South,SANGRUR,NEHARI AP,Unplanned,Closed,2026-08-10T17:10:25Z,2026-08-10T17:42:00Z,31
1914039,Border,TARN TARAN,BEAS CITY,Unplanned,Closed,2026-08-10T17:06:01Z,2026-08-10T17:55:45Z,49
1914038,Border,TARN TARAN,Sanghey UPS,Unplanned,Closed,2026-08-10T16:25:00Z,2026-08-10T17:05:00Z,40
1914037,Border,TARN TARAN,24 HRS CHUTALA,Unplanned,Closed,2026-08-10T16:25:00Z,2026-08-10T17:05:00Z,40
1914035,South,SANGRUR,ARYA COLLAGE,Unplanned,Closed,2026-08-10T16:15:00Z,2026-08-10T16:32:00Z,17
1914034,South,SANGRUR,Gurdaspura,Unplanned,Closed,2026-08-10T16:08:30Z,2026-08-10T17:51:41Z,103
1914033,South,SANGRUR,24 HRS. BALRAN,Planned,Closed,2026-08-10T16:06:04Z,2026-08-10T17:50:13Z,104
1914032,South,SANGRUR,MEHLAN UPS,Planned,Closed,2026-08-10T16:06:00Z,2026-08-10T17:40:00Z,94
1914031,South,SANGRUR,Sadar Bazar,Unplanned,Closed,2026-08-10T16:02:54Z,2026-08-10T16:13:08Z,10
1914030,South,SANGRUR,CAT-- 1 MAKORAR SAHIB,Unplanned,Closed,2026-08-10T16:00:32Z,2026-08-10T17:31:37Z,91
1914028,West,MUKATSAR,11 KV Focal Point-1,Planned,Closed,2026-08-10T15:50:56Z,2026-08-10T17:45:10Z,114
1914029,West,MUKATSAR,11 KV Focal Point-2,Planned,Closed,2026-08-10T15:50:28Z,2026-08-10T17:45:51Z,115
1914027,West,MUKATSAR,11 KV Alamgarh,Planned,Closed,2026-08-10T15:50:21Z,2026-08-10T17:45:36Z,115
1914026,West,MUKATSAR,11 KV GANGA NAGAR ROAD,Planned,Closed,2026-08-10T15:50:03Z,2026-08-10T17:45:40Z,115
1914064,Border,CITY AMRITSAR,11 KV TOWN HALL,Unplanned,Closed,2026-08-10T15:30:00Z,2026-08-10T17:00:00Z,90
1914025,Central,SUB URBAN LUDHIANA,CITY-1,Unplanned,Active,2026-08-10T15:28:00Z,2026-08-10T17:00:00Z,92
1914024,Border,TARN TARAN,JODHPUR UPS,Unplanned,Closed,2026-08-10T15:21:00Z,2026-08-10T17:20:00Z,119
1914036,East,Zirakpur,11 KV AMBALA ROAD,Unplanned,Closed,2026-08-10T15:19:00Z,2026-08-10T15:58:00Z,39
1914023,North,HOSHIARPUR,GHOGRA,Unplanned,Closed,2026-08-10T15:10:00Z,2026-08-10T16:05:00Z,55
1914021,South,PATIALA,UPS RAIPUR,Unplanned,Closed,2026-08-10T14:42:41Z,2026-08-10T16:27:00Z,104
1914022,East,Zirakpur,11 KV AURA GAZANIA,Unplanned,Closed,2026-08-10T14:40:00Z,2026-08-10T15:19:00Z,39
1914017,North,HOSHIARPUR,GHOGRA,Unplanned,Closed,2026-08-10T14:25:00Z,2026-08-10T14:50:00Z,25
1914018,North,HOSHIARPUR,Salwara,Planned,Closed,2026-08-10T14:15:00Z,2026-08-10T15:15:00Z,60
1914016,North,HOSHIARPUR,Banjarbag,Planned,Closed,2026-08-10T14:15:00Z,2026-08-10T15:15:00Z,60
1914019,East,Zirakpur,RANBAXY,Unplanned,Closed,2026-08-10T14:10:00Z,2026-08-10T14:31:00Z,21
1914015,West,MUKATSAR,11 KV RAJPURA,Unplanned,Closed,2026-08-10T14:10:00Z,2026-08-10T14:50:00Z,40
1914014,West,MUKATSAR,11 KV KULAR,Unplanned,Closed,2026-08-10T14:10:00Z,2026-08-10T15:10:00Z,60
1914012,West,MUKATSAR,11 KV SARDARPURA UPS,Unplanned,Closed,2026-08-10T14:07:41Z,2026-08-10T15:06:49Z,59
1914011,West,MUKATSAR,11 KV SUKHCHAIN,Unplanned,Closed,2026-08-10T14:07:33Z,2026-08-10T15:05:40Z,58
1914013,West,MUKATSAR,11 KV Bhagsar UPS,Unplanned,Closed,2026-08-10T14:07:05Z,2026-08-10T15:06:13Z,59
1914010,South,SANGRUR,DYALGARH,Unplanned,Closed,2026-08-10T14:01:49Z,2026-08-10T14:32:00Z,30
1914020,South,PATIALA,11 KV UPS BORAN-KALAN,Unplanned,Closed,2026-08-10T14:01:00Z,2026-08-10T14:20:00Z,19
1914000,North,HOSHIARPUR,KAKKON,Planned,Closed,2026-08-10T14:00:00Z,2026-08-10T15:34:00Z,94
1913999,North,HOSHIARPUR,Bhagowal,Planned,Closed,2026-08-10T14:00:00Z,2026-08-10T15:34:00Z,94
1913996,North,HOSHIARPUR,AJJOWAL,Planned,Closed,2026-08-10T14:00:00Z,2026-08-10T15:34:00Z,94
1914009,North,HOSHIARPUR,UNCHIBASSI,Unplanned,Closed,2026-08-10T13:50:00Z,2026-08-10T14:25:00Z,35
1914061,Border,CITY AMRITSAR,Cheel Mandi,Unplanned,Closed,2026-08-10T13:35:00Z,2026-08-10T15:22:00Z,107
1914008,North,JALANDHAR,SANJAY GANDHI NAGAR,Unplanned,Closed,2026-08-10T13:35:00Z,2026-08-10T14:03:00Z,28
1914007,East,Zirakpur,ORBIT,Unplanned,Closed,2026-08-10T13:31:00Z,2026-08-10T14:42:00Z,71
1914005,Border,SUB URBAN AMRITSAR,Muradpura,Planned,Active,2026-08-10T13:30:56Z,2026-08-10T17:30:15Z,239
1914006,Border,TARN TARAN,KOT MOHAMAD KHAN UPS,Unplanned,Closed,2026-08-10T13:20:00Z,2026-08-10T13:55:00Z,35
1914004,Border,TARN TARAN,JODHPUR UPS,Unplanned,Closed,2026-08-10T13:10:00Z,2026-08-10T15:20:00Z,130
1914002,Border,GURDASPUR,Khanpur,Unplanned,Closed,2026-08-10T13:07:00Z,2026-08-10T13:37:00Z,30
1914001,Border,SUB URBAN AMRITSAR,11 kv Baba Deep Singh colony,Unplanned,Closed,2026-08-10T12:55:00Z,2026-08-10T14:04:00Z,69
1913998,South,SANGRUR,Meerheri,Unplanned,Closed,2026-08-10T12:55:00Z,2026-08-10T14:14:00Z,79
1914003,East,Zirakpur,RANBAXY,Unplanned,Closed,2026-08-10T12:50:00Z,2026-08-10T13:38:00Z,48
1913994,South,PATIALA,DIDAR STEEL,Unplanned,Closed,2026-08-10T12:40:00Z,2026-08-10T13:56:00Z,76
1913995,West,FARIDKOT,AMRITSAR ROAD URBAN,Unplanned,Closed,2026-08-10T12:27:00Z,2026-08-10T15:03:00Z,156
1913990,North,HOSHIARPUR,11KV KALLOWAL FEEDER,Unplanned,Closed,2026-08-10T12:25:00Z,2026-08-10T12:50:00Z,25
1913993,Border,SUB URBAN AMRITSAR,silverstate,Unplanned,Closed,2026-08-10T12:23:00Z,2026-08-10T14:04:00Z,101
1913989,South,SANGRUR,11 KV LOHAKHERA URBAN C1,Unplanned,Closed,2026-08-10T12:17:00Z,2026-08-10T13:46:55Z,89
1913988,South,SANGRUR,11 kv Dhillon Patti Cat-1,Unplanned,Closed,2026-08-10T12:13:31Z,2026-08-10T14:00:00Z,106
1913987,East,Zirakpur,MIAN PUR,Unplanned,Closed,2026-08-10T12:06:00Z,2026-08-10T13:50:00Z,104
1913986,North,HOSHIARPUR,MASTIWAL,Unplanned,Closed,2026-08-10T11:55:00Z,2026-08-10T12:20:00Z,25
1913985,North,HOSHIARPUR,Pandori Attwal,Unplanned,Closed,2026-08-10T11:55:00Z,2026-08-10T12:20:00Z,25
1913983,East,Zirakpur,ORBIT,Unplanned,Closed,2026-08-10T11:53:00Z,2026-08-10T13:25:00Z,92
1913981,East,Zirakpur,Hasanpur UPS,Unplanned,Closed,2026-08-10T11:46:00Z,2026-08-10T12:46:00Z,60
1914059,North,JALANDHAR,URBAN ESTATE,Unplanned,Closed,2026-08-10T11:45:00Z,2026-08-10T12:20:00Z,35
1913992,Border,CITY AMRITSAR,GOKAL KA BAGH,Planned,Closed,2026-08-10T11:45:00Z,2026-08-10T13:44:00Z,119
1913991,Border,CITY AMRITSAR,EAST MOHAN NAGAR,Planned,Closed,2026-08-10T11:45:00Z,2026-08-10T15:44:00Z,239
1913980,East,Zirakpur,JEOLY,Unplanned,Closed,2026-08-10T11:40:15Z,2026-08-10T12:15:33Z,35
1913979,North,HOSHIARPUR,11KV MAKOWAL,Unplanned,Closed,2026-08-10T11:40:00Z,2026-08-10T12:20:00Z,40
1913978,North,HOSHIARPUR,SANSARPUR,Unplanned,Closed,2026-08-10T11:40:00Z,2026-08-10T12:20:00Z,40
1913976,South,SANGRUR,Beed,Unplanned,Closed,2026-08-10T11:35:06Z,2026-08-10T12:16:32Z,41
1913977,Border,SUB URBAN AMRITSAR,Mallan Wali,Planned,Active,2026-08-10T11:34:00Z,2026-08-10T15:00:00Z,206
1913975,South,SANGRUR,Gurdaspura,Unplanned,Closed,2026-08-10T11:32:41Z,2026-08-10T13:13:45Z,101
1914058,North,JALANDHAR,SABOWAL,Unplanned,Closed,2026-08-10T11:20:00Z,2026-08-10T11:45:00Z,25
1913973,South,SANGRUR,11 KV KHADIAL ROAD C2,Planned,Closed,2026-08-10T11:15:32Z,2026-08-10T12:57:50Z,102
1913969,Border,CITY AMRITSAR,ADARSH,Planned,Closed,2026-08-10T11:00:53Z,2026-08-10T14:00:01Z,179
1913974,North,HOSHIARPUR,TANDA,Planned,Closed,2026-08-10T11:00:00Z,2026-08-10T14:21:00Z,201
1913964,Border,SUB URBAN AMRITSAR,RANJIT AVENUE,Planned,Closed,2026-08-10T11:00:00Z,2026-08-10T15:00:00Z,240
1913918,Border,SUB URBAN AMRITSAR,11 kv GreenLand,Planned,Closed,2026-08-10T11:00:00Z,2026-08-10T18:44:00Z,464
1913917,Border,SUB URBAN AMRITSAR,BABA SHRI CHAND AVNUE,Planned,Closed,2026-08-10T11:00:00Z,2026-08-10T18:20:00Z,440
1913971,West,MUKATSAR,11 KV SARDARPURA UPS,Unplanned,Closed,2026-08-10T10:56:45Z,2026-08-10T11:26:52Z,30
1913970,West,MUKATSAR,11 KV SUKHCHAIN,Unplanned,Closed,2026-08-10T10:56:24Z,2026-08-10T11:26:34Z,30
1913972,West,MUKATSAR,11 KV Bhagsar UPS,Unplanned,Closed,2026-08-10T10:56:04Z,2026-08-10T11:27:12Z,31
1913966,Central,KHANNA,GT ROAD,Planned,Closed,2026-08-10T10:55:29Z,2026-08-10T11:03:13Z,7
1913968,South,SANGRUR,BAKHOPIR,Unplanned,Closed,2026-08-10T10:54:44Z,2026-08-10T11:46:07Z,51
1913967,South,BARNALA,SIRGANGARAM,Planned,Closed,2026-08-10T10:54:43Z,2026-08-10T18:05:56Z,431
1913965,South,SANGRUR,11KV UPS JOLIAN,Unplanned,Closed,2026-08-10T10:50:46Z,2026-08-10T12:12:05Z,81
1913963,South,SANGRUR,lehra-II,Unplanned,Closed,2026-08-10T10:46:09Z,2026-08-10T11:16:23Z,30
1913962,South,PATIALA,DP RURAL,Unplanned,Closed,2026-08-10T10:40:47Z,2026-08-10T12:45:34Z,124
1913947,Border,SUB URBAN AMRITSAR,Sawdeshi Korean,Planned,Active,2026-08-10T10:33:23Z,2026-08-10T17:33:34Z,420
1913958,Border,SUB URBAN AMRITSAR,NANGAL PANNUAN,Unplanned,Closed,2026-08-10T10:28:14Z,2026-08-10T11:15:45Z,47
1913959,North,JALANDHAR,PANJPEER,Unplanned,Closed,2026-08-10T10:28:00Z,2026-08-10T11:00:00Z,32
1913957,Central,KHANNA,City-3,Unplanned,Closed,2026-08-10T10:25:50Z,2026-08-10T13:29:04Z,183
1913956,North,HOSHIARPUR,Mirpur,Unplanned,Closed,2026-08-10T10:15:00Z,2026-08-10T10:20:00Z,5
1913955,South,SANGRUR,Jeji,Unplanned,Closed,2026-08-10T10:13:28Z,2026-08-10T11:43:42Z,90
1913954,South,SANGRUR,BHAMABADI,Unplanned,Closed,2026-08-10T10:13:10Z,2026-08-10T11:43:18Z,90
1913953,South,SANGRUR,Bhathuan,Unplanned,Closed,2026-08-10T10:11:53Z,2026-08-10T11:04:09Z,52
1913952,East,Zirakpur,PATIALA ROAD,Unplanned,Closed,2026-08-10T10:09:00Z,2026-08-10T10:42:00Z,33
1913951,South,BARNALA,MALERKOTLA-2,Unplanned,Closed,2026-08-10T10:05:10Z,2026-08-10T11:00:00Z,54
1913948,Border,SUB URBAN AMRITSAR,RAM NAGAR AP,Planned,Active,2026-08-10T10:03:43Z,2026-08-10T17:33:50Z,450
1913949,Border,SUB URBAN AMRITSAR,DHANWANTRI IND,Planned,Active,2026-08-10T10:00:59Z,2026-08-10T17:34:07Z,453
1913945,Border,SUB URBAN AMRITSAR,DADDIAN UPS,Planned,Active,2026-08-10T10:00:48Z,2026-08-10T17:32:55Z,452
1913950,Border,SUB URBAN AMRITSAR,KWALITY PHARMA,Planned,Active,2026-08-10T10:00:20Z,2026-08-10T17:34:27Z,454
1913946,Border,SUB URBAN AMRITSAR,NAVE NAAG AP,Planned,Active,2026-08-10T10:00:05Z,2026-08-10T17:33:12Z,453
1913961,Central,SUB URBAN LUDHIANA,CITY NO 07,Unplanned,Closed,2026-08-10T10:00:00Z,2026-08-10T13:00:00Z,180
1913960,Central,SUB URBAN LUDHIANA,CITY-5,Unplanned,Closed,2026-08-10T10:00:00Z,2026-08-10T13:00:00Z,180
1913943,Border,CITY AMRITSAR,DHAPAI INDUSTRIAL,Planned,Closed,2026-08-10T10:00:00Z,2026-08-10T13:56:00Z,236
1913942,Border,CITY AMRITSAR,KHOO BHALLA,Planned,Closed,2026-08-10T10:00:00Z,2026-08-10T14:00:00Z,240
1913916,Border,SUB URBAN AMRITSAR,MAJITHA ROAD,Planned,Closed,2026-08-10T10:00:00Z,2026-08-10T18:50:00Z,530
1913944,South,SANGRUR,11 KV KHADIAL ROAD C2,Planned,Closed,2026-08-10T09:50:59Z,2026-08-10T10:30:11Z,39
1913941,North,JALANDHAR,GADAI PUR - 2,Unplanned,Closed,2026-08-10T09:25:00Z,2026-08-10T09:50:00Z,25
1913940,West,FARIDKOT,THARA AP,Unplanned,Closed,2026-08-10T09:11:02Z,2026-08-10T16:02:41Z,411
1913939,Border,SUB URBAN AMRITSAR,City-3,Unplanned,Closed,2026-08-10T08:35:00Z,2026-08-10T10:00:00Z,85
1913938,Border,GURDASPUR,Preet Nagar,Unplanned,Closed,2026-08-10T08:00:00Z,2026-08-10T09:00:00Z,60
1914057,North,JALANDHAR,SABOWAL,Unplanned,Closed,2026-08-10T07:38:00Z,2026-08-10T08:35:00Z,57
1913937,West,FARIDKOT,Dutt Road,Unplanned,Closed,2026-08-10T07:10:00Z,2026-08-10T08:24:00Z,74
1913984,South,PATIALA,I.T.I,Unplanned,Closed,2026-08-10T06:51:00Z,2026-08-10T11:30:00Z,279
1913936,Border,SUB URBAN AMRITSAR,Urban-3,Unplanned,Closed,2026-08-10T05:30:00Z,2026-08-10T07:15:03Z,105
1914066,South,SANGRUR,Bangawali,Unplanned,Closed,2026-08-10T04:54:19Z,2026-08-10T05:24:40Z,30
1913935,Border,SUB URBAN AMRITSAR,Beas Wire,Unplanned,Closed,2026-08-10T04:15:00Z,2026-08-10T06:20:00Z,125
1913934,Border,SUB URBAN AMRITSAR,BABA SHRI CHAND AVNUE,Unplanned,Closed,2026-08-09T23:05:00Z,2026-08-09T23:59:00Z,54
1913929,East,Zirakpur,NABHA SAHIB,Unplanned,Closed,2026-08-09T22:42:00Z,2026-08-09T23:02:00Z,20
1914060,North,JALANDHAR,11KV Mithapur Feeder,Unplanned,Closed,2026-08-09T22:33:00Z,2026-08-10T00:18:00Z,105
1913923,South,SANGRUR,POLICE LINE,Unplanned,Closed,2026-08-09T21:20:17Z,2026-08-09T21:52:33Z,32
1913919,East,Zirakpur,DAPPAR,Unplanned,Closed,2026-08-09T21:10:00Z,2026-08-09T21:35:00Z,25
1913922,South,PATIALA,Old MES,Unplanned,Closed,2026-08-09T21:04:00Z,2026-08-09T21:14:00Z,10
1913915,East,Zirakpur,Jastna Kandi Pure AP,Unplanned,Closed,2026-08-09T21:00:00Z,2026-08-09T21:30:00Z,30
1913914,East,Zirakpur,WATER WORKS HANDESRA,Unplanned,Closed,2026-08-09T20:59:00Z,2026-08-09T21:25:00Z,26
1913921,East,Zirakpur,SILVERCITY,Unplanned,Closed,2026-08-09T20:42:00Z,2026-08-09T21:46:00Z,64
1913913,East,Zirakpur,JEOLY,Unplanned,Closed,2026-08-09T20:05:29Z,2026-08-09T20:25:03Z,19
1913920,East,Zirakpur,SANULI,Unplanned,Closed,2026-08-09T19:58:00Z,2026-08-09T20:50:00Z,52
1913912,South,PATIALA,11 KV RADHA SWAMI ROAD,Unplanned,Closed,2026-08-09T19:37:00Z,2026-08-09T21:15:00Z,98
1913911,West,MUKATSAR,11 KV Alamgarh,Unplanned,Closed,2026-08-09T19:25:29Z,2026-08-09T19:56:12Z,30
1913910,South,PATIALA,Mohindra College,Unplanned,Closed,2026-08-09T18:47:00Z,2026-08-09T21:30:00Z,163
1913906,West,MUKATSAR,11 KV SAIDANWALI,Unplanned,Closed,2026-08-09T18:43:13Z,2026-08-09T19:07:00Z,23
1913907,South,PATIALA,UPS NABHA NO.1,Unplanned,Closed,2026-08-09T18:30:00Z,2026-08-09T18:40:00Z,10
1913909,East,Zirakpur,PRITHIM,Unplanned,Closed,2026-08-09T18:22:00Z,2026-08-09T19:35:00Z,73
1913933,North,JALANDHAR,11KV HOUSING BOARD,Unplanned,Closed,2026-08-09T18:19:00Z,2026-08-09T19:20:00Z,61
1913905,South,BARNALA,SIRGANGARAM,Planned,Closed,2026-08-09T18:11:38Z,2026-08-09T19:05:48Z,54
1913904,West,FARIDKOT,ITI,Unplanned,Closed,2026-08-09T18:05:00Z,2026-08-09T18:30:02Z,25
1913903,East,Zirakpur,RANBAXY,Unplanned,Closed,2026-08-09T17:26:00Z,2026-08-09T19:05:00Z,99
1913901,East,Zirakpur,Bhudda Sahib,Unplanned,Closed,2026-08-09T16:47:00Z,2026-08-09T17:25:00Z,38
1913900,West,FARIDKOT,Dutt Road,Unplanned,Closed,2026-08-09T16:47:00Z,2026-08-09T17:17:14Z,30
1913899,South,SANGRUR,New Anaj Mandi,Unplanned,Closed,2026-08-09T16:43:44Z,2026-08-09T17:28:03Z,44
1913897,South,SANGRUR,BHANI,Planned,Closed,2026-08-09T16:40:36Z,2026-08-09T17:08:56Z,28
1913902,East,Zirakpur,BALTANA,Unplanned,Closed,2026-08-09T16:35:00Z,2026-08-09T17:13:00Z,38
1913898,East,Zirakpur,DHILLON,Unplanned,Closed,2026-08-09T16:28:00Z,2026-08-09T17:30:00Z,62
1913895,West,MUKATSAR,MAUJGARH,Unplanned,Closed,2026-08-09T16:26:10Z,2026-08-09T16:56:19Z,30
1913932,North,JALANDHAR,11KV HOUSING BOARD,Unplanned,Closed,2026-08-09T16:19:00Z,2026-08-09T18:18:00Z,119
1913896,East,Zirakpur,SILVERCITY,Unplanned,Closed,2026-08-09T16:05:00Z,2026-08-09T16:33:00Z,28
1913894,West,FEROZPUR,AMAR TAKIS,Unplanned,Closed,2026-08-09T16:00:00Z,2026-08-09T17:50:00Z,110
1913908,South,PATIALA,UPS NABHA NO.1,Unplanned,Closed,2026-08-09T15:41:00Z,2026-08-09T17:41:00Z,120
1913893,East,Zirakpur,DAPPAR,Unplanned,Closed,2026-08-09T15:35:00Z,2026-08-09T16:10:00Z,35
1913931,North,JALANDHAR,11KV NIKKU PARK,Unplanned,Closed,2026-08-09T15:14:00Z,2026-08-09T16:02:00Z,48
1913891,South,SANGRUR,MOURAN A+B (GRID DIRBA),Unplanned,Closed,2026-08-09T15:06:30Z,2026-08-09T15:39:56Z,33
1913892,East,Zirakpur,KALKA ROAD,Unplanned,Closed,2026-08-09T15:04:00Z,2026-08-09T15:40:00Z,36
1913890,North,HOSHIARPUR,KALYANPUR,Unplanned,Closed,2026-08-09T15:00:00Z,2026-08-09T15:20:00Z,20
1913889,East,Zirakpur,DHILLON,Unplanned,Closed,2026-08-09T14:15:00Z,2026-08-09T14:35:00Z,20
1913888,East,Zirakpur,ZIRAKPUR-1,Unplanned,Closed,2026-08-09T14:15:00Z,2026-08-09T14:35:00Z,20
1913885,North,HOSHIARPUR,Mirpur,Unplanned,Closed,2026-08-09T14:10:00Z,2026-08-09T15:00:00Z,50
1913886,West,MUKATSAR,11 KV GANGA NAGAR ROAD,Unplanned,Closed,2026-08-09T14:09:52Z,2026-08-09T14:42:12Z,32
1913887,West,MUKATSAR,11 KV Alamgarh,Unplanned,Closed,2026-08-09T14:04:34Z,2026-08-09T14:42:48Z,38
1913884,West,MUKATSAR,11 KV Rajiv Nagar,Unplanned,Closed,2026-08-09T14:03:51Z,2026-08-09T14:59:58Z,56
1913883,West,MUKATSAR,11 KV KANDHWALA Road Urban,Unplanned,Closed,2026-08-09T14:03:17Z,2026-08-09T14:56:27Z,53
1913881,Border,CITY AMRITSAR,COMPANY BAGH,Unplanned,Closed,2026-08-09T13:55:00Z,2026-08-09T14:45:00Z,50
1913882,East,Zirakpur,TRISHLA,Unplanned,Closed,2026-08-09T13:53:00Z,2026-08-09T14:30:00Z,37
1913880,North,HOSHIARPUR,11KV ARGOWAL,Unplanned,Closed,2026-08-09T13:50:00Z,2026-08-09T14:10:00Z,20
1913879,East,Zirakpur,11KV Dream Home,Unplanned,Closed,2026-08-09T13:35:00Z,2026-08-09T13:46:00Z,11
1913878,East,Zirakpur,11kv Hanumant Feeder,Unplanned,Closed,2026-08-09T13:21:00Z,2026-08-09T13:34:00Z,13
1913930,North,JALANDHAR,11KV NIKKU PARK,Unplanned,Closed,2026-08-09T13:15:00Z,2026-08-09T15:13:00Z,118
1913877,East,Zirakpur,BALTANA,Unplanned,Closed,2026-08-09T13:15:00Z,2026-08-09T13:31:00Z,16
1913876,East,Zirakpur,KALKA ROAD,Unplanned,Closed,2026-08-09T13:14:00Z,2026-08-09T13:29:00Z,15
1913875,East,Zirakpur,CITY COURT,Unplanned,Closed,2026-08-09T13:12:00Z,2026-08-09T13:31:00Z,19
1913874,East,Zirakpur,Bauli Sahib,Planned,Closed,2026-08-09T13:00:00Z,2026-08-09T18:00:00Z,300
1913873,East,Zirakpur,MOHAN FIBRE,Planned,Closed,2026-08-09T13:00:00Z,2026-08-09T18:00:00Z,300
1913872,East,Zirakpur,NIMBUA,Planned,Closed,2026-08-09T13:00:00Z,2026-08-09T18:00:00Z,300
1913871,East,Zirakpur,11kv Hartmann,Planned,Closed,2026-08-09T13:00:00Z,2026-08-09T18:00:00Z,300
1913870,East,Zirakpur,NIBBER CASTING,Planned,Closed,2026-08-09T13:00:00Z,2026-08-09T18:00:00Z,300
1913869,East,Zirakpur,11 KV Shiv Shakti Feeder,Planned,Closed,2026-08-09T13:00:00Z,2026-08-09T18:00:00Z,300
1913867,East,Zirakpur,MORTHIKRI INDUSTRIAL,Planned,Closed,2026-08-09T13:00:00Z,2026-08-09T18:00:00Z,300
1913866,East,Zirakpur,SUNRISE FIBER,Planned,Closed,2026-08-09T13:00:00Z,2026-08-09T18:00:00Z,300
1913865,East,Zirakpur,THEON LIFE SCIENCE,Planned,Closed,2026-08-09T13:00:00Z,2026-08-09T18:00:00Z,300
1913864,East,Zirakpur,AQUA FIBRE,Planned,Closed,2026-08-09T13:00:00Z,2026-08-09T18:00:00Z,300
1913863,East,Zirakpur,VARDHMAN,Planned,Closed,2026-08-09T13:00:00Z,2026-08-09T18:00:00Z,300
1913862,East,Zirakpur,11kv Saraswati Agro,Planned,Closed,2026-08-09T13:00:00Z,2026-08-09T18:00:00Z,300
1913861,East,Zirakpur,OASIS TEXTILE,Planned,Closed,2026-08-09T13:00:00Z,2026-08-09T18:00:00Z,300
1913868,Border,TARN TARAN,MEHTA URBAN-II,Unplanned,Closed,2026-08-09T12:50:00Z,2026-08-09T13:52:00Z,62
1913859,North,HOSHIARPUR,MAND PHANDER,Unplanned,Closed,2026-08-09T12:35:00Z,2026-08-09T13:00:00Z,25
1913858,South,PATIALA,Panjiri Plant,Unplanned,Closed,2026-08-09T12:28:01Z,2026-08-09T12:59:25Z,31
1913857,South,BARNALA,SIRGANGARAM,Unplanned,Closed,2026-08-09T12:25:07Z,2026-08-09T13:15:18Z,50
1913856,East,Zirakpur,LALRU CITY,Unplanned,Closed,2026-08-09T12:24:00Z,2026-08-09T13:20:00Z,56
1913855,West,MUKATSAR,11 KV Bhagsar UPS,Unplanned,Closed,2026-08-09T12:18:40Z,2026-08-09T12:49:49Z,31
1913853,West,MUKATSAR,11 KV SUKHCHAIN,Unplanned,Closed,2026-08-09T12:18:40Z,2026-08-09T14:16:53Z,118
1913854,West,MUKATSAR,11 KV SARDARPURA UPS,Unplanned,Closed,2026-08-09T12:18:17Z,2026-08-09T12:49:29Z,31
1913770,North,JALANDHAR,H.B GLOBAL,Planned,Closed,2026-08-09T12:15:00Z,2026-08-09T15:00:00Z,165
1913928,North,JALANDHAR,11KV Mithapur Feeder,Unplanned,Closed,2026-08-09T12:10:00Z,2026-08-09T13:48:00Z,98
1913860,Border,TARN TARAN,24 HRS CHUTALA,Unplanned,Closed,2026-08-09T12:01:00Z,2026-08-09T13:01:00Z,60
1913852,East,Zirakpur,11KV BEHRA FEEDER,Planned,Closed,2026-08-09T12:00:00Z,2026-08-09T18:00:00Z,360
1913851,East,Zirakpur,ASSTHA,Unplanned,Closed,2026-08-09T12:00:00Z,2026-08-09T12:50:00Z,50
1913850,East,Zirakpur,barvala industrial park,Planned,Closed,2026-08-09T12:00:00Z,2026-08-09T18:00:00Z,360
1913849,East,Zirakpur,TRISHLA,Unplanned,Closed,2026-08-09T12:00:00Z,2026-08-09T12:48:00Z,48
1913848,East,Zirakpur,AP PAPER,Planned,Closed,2026-08-09T12:00:00Z,2026-08-09T18:00:00Z,360
1913847,East,Zirakpur,Bhagwanpur industry,Planned,Closed,2026-08-09T12:00:00Z,2026-08-09T18:00:00Z,360
1913846,West,FEROZPUR,COURT FEEDER,Unplanned,Closed,2026-08-09T12:00:00Z,2026-08-09T12:26:00Z,26
1913844,East,Zirakpur,USHA YARNS,Planned,Closed,2026-08-09T12:00:00Z,2026-08-09T18:00:00Z,360
1913843,East,Zirakpur,VATIKA,Planned,Closed,2026-08-09T12:00:00Z,2026-08-09T18:00:00Z,360
1913842,East,Zirakpur,JAI MULTI ENNG.,Planned,Closed,2026-08-09T12:00:00Z,2026-08-09T18:00:00Z,360
1913841,East,Zirakpur,PML,Planned,Closed,2026-08-09T12:00:00Z,2026-08-09T18:00:00Z,360
1913840,East,Zirakpur,11 kv kuranwala industry,Planned,Closed,2026-08-09T12:00:00Z,2026-08-09T18:00:00Z,360
1913839,East,Zirakpur,ALASKA FABTECH,Planned,Closed,2026-08-09T12:00:00Z,2026-08-09T18:00:00Z,360
1913837,East,Zirakpur,Rampur Industry,Planned,Closed,2026-08-09T12:00:00Z,2026-08-09T18:00:00Z,360
1913836,East,Zirakpur,ABRYL LAB,Planned,Closed,2026-08-09T12:00:00Z,2026-08-09T18:00:00Z,360
1913834,East,Zirakpur,BARWALA ROAD,Planned,Closed,2026-08-09T12:00:00Z,2026-08-09T18:00:00Z,360
1913832,East,Zirakpur,SONA PAPER MILL,Planned,Closed,2026-08-09T12:00:00Z,2026-08-09T18:00:00Z,360
1913831,East,Zirakpur,11KV Indo Swift,Planned,Closed,2026-08-09T12:00:00Z,2026-08-09T18:00:00Z,360
1913830,South,SANGRUR,UPS RAMPURA,Planned,Closed,2026-08-09T11:48:33Z,2026-08-09T13:16:42Z,88
1913829,South,SANGRUR,GHAMOORGHAT,Planned,Closed,2026-08-09T11:48:14Z,2026-08-09T13:17:21Z,89
1913828,East,Zirakpur,MUKANDPUR,Unplanned,Closed,2026-08-09T11:43:00Z,2026-08-09T12:43:00Z,60
1913764,North,JALANDHAR,RAI PUR,Planned,Closed,2026-08-09T11:40:00Z,2026-08-09T16:10:00Z,270
1913763,North,JALANDHAR,11 KV J.J.COLONY,Planned,Closed,2026-08-09T11:40:00Z,2026-08-09T16:10:00Z,270
1913762,North,JALANDHAR,PATHANKOT ROAD,Planned,Closed,2026-08-09T11:40:00Z,2026-08-09T16:10:00Z,270
1913845,South,PATIALA,INDUSTRIAL,Unplanned,Closed,2026-08-09T11:30:00Z,2026-08-09T15:40:00Z,250
1913838,South,PATIALA,UPS NABHA NO.1,Unplanned,Closed,2026-08-09T11:30:00Z,2026-08-09T15:40:00Z,250
1913835,South,PATIALA,PREET AGRO,Unplanned,Closed,2026-08-09T11:30:00Z,2026-08-09T15:40:00Z,250
1913833,South,PATIALA,JAIL ROAD,Unplanned,Closed,2026-08-09T11:30:00Z,2026-08-09T15:40:00Z,250
1913827,Border,TARN TARAN,Dhotian UPS (KMK),Unplanned,Closed,2026-08-09T11:30:00Z,2026-08-09T11:45:00Z,15
1913826,Border,TARN TARAN,JAMA RAI UPS,Unplanned,Closed,2026-08-09T11:30:00Z,2026-08-09T11:45:00Z,15
1913825,South,SANGRUR,Industrial (Benra),Planned,Closed,2026-08-09T11:30:00Z,2026-08-09T16:00:00Z,270
1913773,North,JALANDHAR,KALI MATA MANDIR,Planned,Closed,2026-08-09T11:26:00Z,2026-08-09T18:25:00Z,419
1913823,South,SANGRUR,11KV UPS JOLIAN,Unplanned,Closed,2026-08-09T11:22:45Z,2026-08-09T12:08:57Z,46
1913824,East,Zirakpur,CITY COURT,Unplanned,Closed,2026-08-09T11:20:00Z,2026-08-09T11:50:00Z,30
1913776,North,JALANDHAR,STATE BANK FEEDER,Planned,Closed,2026-08-09T11:10:00Z,2026-08-09T15:40:00Z,270
1913775,North,JALANDHAR,Five Star Feeder,Planned,Closed,2026-08-09T11:10:00Z,2026-08-09T15:40:00Z,270
1913774,North,JALANDHAR,11 KV SHIV MANDIR,Planned,Closed,2026-08-09T11:10:00Z,2026-08-09T15:40:30Z,270
1913766,North,JALANDHAR,G.T.ROAD,Planned,Closed,2026-08-09T11:10:00Z,2026-08-09T15:40:00Z,270
1913822,South,PATIALA,CINEMA  ROAD,Unplanned,Closed,2026-08-09T11:01:00Z,2026-08-09T12:30:00Z,89
1913818,South,PATIALA,ANAND NAGAR,Planned,Closed,2026-08-09T11:00:00Z,2026-08-09T14:00:00Z,180
1913783,North,JALANDHAR,INDUSTRIAL-3,Planned,Closed,2026-08-09T10:58:00Z,2026-08-09T14:41:00Z,223
1913821,East,Zirakpur,NABHA SAHIB,Unplanned,Closed,2026-08-09T10:56:00Z,2026-08-09T11:38:00Z,42
1913819,South,PATIALA,gobind colony,Unplanned,Closed,2026-08-09T10:51:00Z,2026-08-09T11:15:00Z,24
1913820,East,Zirakpur,SILVERCITY,Unplanned,Closed,2026-08-09T10:50:00Z,2026-08-09T11:08:00Z,18
1913817,North,HOSHIARPUR,GARDIWAL,Unplanned,Closed,2026-08-09T10:45:00Z,2026-08-09T11:40:00Z,55
1913816,West,FARIDKOT,MADAK ROAD,Unplanned,Closed,2026-08-09T10:36:32Z,2026-08-09T11:36:59Z,60
1913782,North,JALANDHAR,INDUSTRIAL AREA 2,Planned,Closed,2026-08-09T10:35:00Z,2026-08-09T14:01:00Z,206
1913814,North,HOSHIARPUR,TALWANDI,Unplanned,Closed,2026-08-09T10:30:00Z,2026-08-09T10:40:00Z,10
1913788,South,PATIALA,Alipur,Planned,Closed,2026-08-09T10:30:00Z,2026-08-09T18:50:00Z,500
1913785,North,JALANDHAR,Star,Planned,Closed,2026-08-09T10:25:00Z,2026-08-09T16:15:00Z,350
1913813,South,SANGRUR,M K Road,Unplanned,Closed,2026-08-09T10:20:00Z,2026-08-09T12:04:00Z,104
1913812,South,SANGRUR,Sangatpura,Unplanned,Closed,2026-08-09T10:20:00Z,2026-08-09T12:02:00Z,102
1913777,North,JALANDHAR,PILOT,Planned,Closed,2026-08-09T10:10:00Z,2026-08-09T16:05:00Z,355
1913809,South,PATIALA,District Admn. Complex,Planned,Closed,2026-08-09T10:05:00Z,2026-08-09T13:07:00Z,182
1913781,North,JALANDHAR,RAM VIHAR,Planned,Closed,2026-08-09T10:05:00Z,2026-08-09T12:35:00Z,150
1913780,North,JALANDHAR,TOWER,Planned,Closed,2026-08-09T10:05:00Z,2026-08-09T12:35:00Z,150
1913811,West,FEROZPUR,COURT FEEDER,Unplanned,Closed,2026-08-09T10:00:00Z,2026-08-09T11:55:00Z,115
1913810,West,FEROZPUR,Amritsari Gate,Unplanned,Closed,2026-08-09T10:00:00Z,2026-08-09T12:36:00Z,156
1913808,South,PATIALA,Bhupindra Road,Planned,Closed,2026-08-09T10:00:00Z,2026-08-09T11:30:00Z,90
1913801,North,JALANDHAR,DRY LEATHER COMPLEX,Planned,Closed,2026-08-09T10:00:00Z,2026-08-09T14:00:00Z,240
1913800,North,JALANDHAR,FLAIR INTERNATIONAL,Planned,Closed,2026-08-09T10:00:00Z,2026-08-09T14:00:00Z,240
1913799,North,JALANDHAR,NATIONAL,Planned,Closed,2026-08-09T10:00:00Z,2026-08-09T14:00:00Z,240
1913778,North,JALANDHAR,BABA MANDIR 132KV FOCAL POINT,Planned,Closed,2026-08-09T10:00:00Z,2026-08-09T14:00:00Z,240
1913750,South,PATIALA,District Admn. Complex,Planned,Closed,2026-08-09T10:00:00Z,2026-08-09T14:00:00Z,240
1913807,South,SANGRUR,Industrial (Benra),Unplanned,Closed,2026-08-09T09:56:00Z,2026-08-09T11:25:00Z,89
1913927,North,JALANDHAR,11KV Mithapur Feeder,Unplanned,Closed,2026-08-09T09:54:00Z,2026-08-09T10:37:00Z,43
1913806,East,Zirakpur,CITY COURT,Unplanned,Closed,2026-08-09T09:49:00Z,2026-08-09T10:40:00Z,51
1913805,North,HOSHIARPUR,Mirpur,Unplanned,Closed,2026-08-09T09:40:00Z,2026-08-09T09:45:00Z,5
1913804,South,SANGRUR,MEHLAN AP (GRID SUNAM),Planned,Closed,2026-08-09T09:32:00Z,2026-08-09T20:00:00Z,628
1913803,South,SANGRUR,PAPRA(main+branch),Planned,Closed,2026-08-09T09:03:40Z,2026-08-09T09:45:49Z,42
1913802,South,SANGRUR,BALRAN,Planned,Closed,2026-08-09T09:03:20Z,2026-08-09T09:46:28Z,43
1913798,South,SANGRUR,Dashmesh nagar,Unplanned,Closed,2026-08-09T08:47:00Z,2026-08-09T10:04:00Z,77
1913797,Border,SUB URBAN AMRITSAR,NEHRU COLONY,Unplanned,Closed,2026-08-09T08:25:00Z,2026-08-09T09:00:00Z,35
1913795,West,FEROZPUR,AMAR TAKIS,Unplanned,Closed,2026-08-09T08:12:00Z,2026-08-09T11:21:00Z,189
1913796,South,PATIALA,Ajit Nagar,Unplanned,Closed,2026-08-09T08:01:00Z,2026-08-09T09:22:00Z,81
1913794,South,PATIALA,UPS LALAUDA,Unplanned,Closed,2026-08-09T07:45:00Z,2026-08-09T10:20:00Z,155
1913793,Border,TARN TARAN,Dhotian UPS (KMK),Unplanned,Closed,2026-08-09T07:30:00Z,2026-08-09T09:15:00Z,105
1913792,East,Zirakpur,PUNJAB,Unplanned,Closed,2026-08-09T07:29:00Z,2026-08-09T08:13:00Z,44
1913790,East,Zirakpur,DAPPAR,Unplanned,Closed,2026-08-09T07:10:00Z,2026-08-09T08:15:00Z,65
1913791,East,Zirakpur,PANCHSHEEL,Unplanned,Closed,2026-08-09T07:07:00Z,2026-08-09T07:59:00Z,52
1913787,West,FEROZPUR,UPS FEEDER,Unplanned,Closed,2026-08-09T06:27:00Z,2026-08-09T09:00:00Z,153
1913786,West,FEROZPUR,COURT FEEDER,Unplanned,Closed,2026-08-09T06:27:00Z,2026-08-09T09:00:00Z,153
1913784,East,Zirakpur,SIMRAN,Unplanned,Closed,2026-08-09T06:08:00Z,2026-08-09T07:00:00Z,52
1913772,South,SANGRUR,Industrial (Benra),Unplanned,Closed,2026-08-09T05:40:19Z,2026-08-09T06:05:00Z,24
1913789,South,PATIALA,INDUSTRIAL F.POINT,Unplanned,Closed,2026-08-09T05:40:00Z,2026-08-09T10:50:00Z,310
1913761,East,Zirakpur,DHILLON,Unplanned,Closed,2026-08-09T04:53:00Z,2026-08-09T05:53:00Z,60
1913759,East,Zirakpur,Jastna Kandi Pure AP,Unplanned,Closed,2026-08-09T01:20:00Z,2026-08-09T01:50:00Z,30
1913758,East,Zirakpur,JEOLY,Unplanned,Closed,2026-08-09T01:16:00Z,2026-08-09T01:50:00Z,34
1913757,East,Zirakpur,DAPPAR,Unplanned,Closed,2026-08-09T01:14:00Z,2026-08-09T01:50:00Z,36
1913925,South,PATIALA,UPS  KHANSIAN,Unplanned,Closed,2026-08-09T01:05:00Z,2026-08-09T07:00:00Z,355
1913756,East,Zirakpur,DAPPAR,Unplanned,Closed,2026-08-09T00:07:00Z,2026-08-09T00:40:00Z,33
1913755,East,Zirakpur,MIAN PUR,Unplanned,Closed,2026-08-09T00:06:00Z,2026-08-09T00:40:00Z,34
1913754,East,Zirakpur,MIAN PUR,Unplanned,Closed,2026-08-08T23:54:00Z,2026-08-08T23:57:00Z,3
1913753,East,Zirakpur,DAPPAR,Unplanned,Closed,2026-08-08T23:54:00Z,2026-08-08T23:57:00Z,3
1913760,South,PATIALA,Moderen City,Unplanned,Closed,2026-08-08T23:26:00Z,2026-08-09T01:40:00Z,134
1913751,South,SANGRUR,PAPRA(main+branch),Planned,Closed,2026-08-08T23:10:37Z,2026-08-08T23:58:52Z,48
1913752,South,SANGRUR,24 HRS. BALRAN,Planned,Closed,2026-08-08T23:10:05Z,2026-08-08T23:59:14Z,49
1913745,West,MUKATSAR,11 KV Sappan wali,Unplanned,Closed,2026-08-08T22:28:13Z,2026-08-08T22:46:00Z,17
1913749,South,PATIALA,UPS MANDOUR,Unplanned,Closed,2026-08-08T22:20:00Z,2026-08-08T23:20:00Z,60
1913744,East,Zirakpur,GBM,Unplanned,Closed,2026-08-08T22:20:00Z,2026-08-08T22:50:00Z,30
1913743,North,JALANDHAR,LADOWALI ROAD,Unplanned,Closed,2026-08-08T22:18:00Z,2026-08-08T22:44:00Z,26
1913746,South,SANGRUR,Kakarwal,Unplanned,Closed,2026-08-08T22:15:46Z,2026-08-08T23:20:02Z,64
1913742,Central,SUB URBAN LUDHIANA,CITY NO 07,Unplanned,Closed,2026-08-08T22:10:00Z,2026-08-08T22:56:00Z,46
1913740,South,PATIALA,UPS ROHTA SAHIB,Unplanned,Closed,2026-08-08T22:05:00Z,2026-08-08T23:55:00Z,110
1913748,South,SANGRUR,COLLEGE ROAD,Unplanned,Closed,2026-08-08T22:00:00Z,2026-08-08T23:46:00Z,106
1913747,South,SANGRUR,HARIPURA,Unplanned,Closed,2026-08-08T22:00:00Z,2026-08-08T23:00:00Z,60
1913741,South,PATIALA,NABHA NO.2,Unplanned,Closed,2026-08-08T21:35:00Z,2026-08-08T22:30:00Z,55
1913738,South,PATIALA,11 KV UPS BORAN-KALAN,Unplanned,Closed,2026-08-08T21:28:00Z,2026-08-08T21:57:00Z,29
1913737,South,PATIALA,JAIL ROAD,Unplanned,Closed,2026-08-08T21:28:00Z,2026-08-09T00:10:00Z,162
1913736,South,PATIALA,Moderen City,Unplanned,Closed,2026-08-08T21:25:00Z,2026-08-08T23:25:00Z,120
1913735,Border,SUB URBAN AMRITSAR,SUNDER NAGAR,Unplanned,Closed,2026-08-08T21:15:36Z,2026-08-08T21:44:00Z,28
1913739,East,Zirakpur,SIMRAN,Unplanned,Closed,2026-08-08T21:05:00Z,2026-08-08T22:01:00Z,56
1913924,South,PATIALA,UPS  KHANSIAN,Unplanned,Closed,2026-08-08T21:00:00Z,2026-08-09T01:00:00Z,240
1913734,East,Zirakpur,SAINI VIHAR,Unplanned,Closed,2026-08-08T20:45:00Z,2026-08-08T21:15:00Z,30
1913733,North,JALANDHAR,LADOWALI ROAD,Unplanned,Closed,2026-08-08T20:39:00Z,2026-08-08T21:40:00Z,61
1913732,South,BARNALA,Green Colony,Planned,Closed,2026-08-08T20:37:00Z,2026-08-08T20:50:00Z,13
1913731,South,BARNALA,JANDAWALA ROAD,Planned,Closed,2026-08-08T20:37:00Z,2026-08-08T20:50:00Z,13
1913730,South,BARNALA,Dhanaula Road,Planned,Closed,2026-08-08T20:37:00Z,2026-08-08T20:51:00Z,14
1913729,South,BARNALA,Sadar Bazar,Planned,Closed,2026-08-08T20:30:00Z,2026-08-08T20:50:00Z,20
1913728,South,BARNALA,Handiaya Bazar,Planned,Closed,2026-08-08T20:30:00Z,2026-08-08T20:50:00Z,20
1913727,South,BARNALA,Ram Rajia,Unplanned,Closed,2026-08-08T20:10:00Z,2026-08-08T20:45:00Z,35
1913725,East,Zirakpur,INDUSTRY PARK,Unplanned,Closed,2026-08-08T19:59:34Z,2026-08-08T20:08:00Z,8
1913723,South,SANGRUR,24 HRS. MAHASINGHWALA,Unplanned,Closed,2026-08-08T19:14:39Z,2026-08-08T19:49:02Z,34
1913722,East,Zirakpur,DAPPAR,Unplanned,Closed,2026-08-08T19:02:00Z,2026-08-08T19:29:00Z,27
1913721,Border,GURDASPUR,Karoli,Unplanned,Closed,2026-08-08T19:00:00Z,2026-08-08T19:01:00Z,1
1913724,East,Zirakpur,11 KV Dyalpura,Unplanned,Closed,2026-08-08T18:56:00Z,2026-08-08T20:00:00Z,64
1913718,North,JALANDHAR,INDUSTRIAL AREA 2,Unplanned,Closed,2026-08-08T18:54:00Z,2026-08-08T19:13:00Z,19
1913717,Border,GURDASPUR,Khanpur,Unplanned,Closed,2026-08-08T18:43:00Z,2026-08-08T19:20:00Z,37
1913716,East,Zirakpur,SIMRAN,Unplanned,Closed,2026-08-08T18:34:00Z,2026-08-08T19:30:00Z,56
1913715,East,Zirakpur,ZIRAKPUR-1,Unplanned,Closed,2026-08-08T17:43:00Z,2026-08-08T18:04:00Z,21
1913713,East,Zirakpur,LALRU CITY,Unplanned,Closed,2026-08-08T17:43:00Z,2026-08-08T18:28:00Z,45
1913726,South,PATIALA,I.T.I,Unplanned,Closed,2026-08-08T17:25:00Z,2026-08-08T19:28:00Z,123
1913720,East,Zirakpur,KALKA ROAD,Unplanned,Closed,2026-08-08T17:02:00Z,2026-08-08T19:02:00Z,120
1913711,Border,TARN TARAN,Jandiala Road Urban.,Unplanned,Closed,2026-08-08T17:01:00Z,2026-08-08T18:20:00Z,79
1913710,Border,TARN TARAN,24 HRS CHUTALA,Unplanned,Closed,2026-08-08T17:01:00Z,2026-08-08T18:20:00Z,79
1913709,East,Zirakpur,PATIALA ROAD,Unplanned,Closed,2026-08-08T16:34:00Z,2026-08-08T16:38:00Z,4
1913706,West,MUKATSAR,11 KV SUKHCHAIN,Unplanned,Closed,2026-08-08T16:32:47Z,2026-08-08T17:11:53Z,39
1913708,West,MUKATSAR,11 KV Bhagsar UPS,Unplanned,Closed,2026-08-08T16:32:28Z,2026-08-08T17:11:25Z,38
1913707,West,MUKATSAR,11 KV SARDARPURA UPS,Unplanned,Closed,2026-08-08T16:32:01Z,2026-08-08T17:11:07Z,39
1913714,East,Zirakpur,BIG BAZAAR,Unplanned,Closed,2026-08-08T16:30:00Z,2026-08-08T17:30:00Z,60
1913705,Central,CITY WEST LUDHIANA,MAGNET ROAD,Unplanned,Closed,2026-08-08T16:26:32Z,2026-08-08T16:43:01Z,16
1913702,West,MUKATSAR,MAUJGARH,Unplanned,Closed,2026-08-08T16:20:30Z,2026-08-08T17:30:42Z,70
1913701,West,MUKATSAR,DALMIR KHERA,Unplanned,Closed,2026-08-08T16:20:13Z,2026-08-08T17:34:29Z,74
1913704,West,MUKATSAR,11 KV Sappan wali,Unplanned,Closed,2026-08-08T16:20:12Z,2026-08-08T17:32:27Z,72
1913703,West,MUKATSAR,DAULATPURA UPS,Unplanned,Closed,2026-08-08T16:20:03Z,2026-08-08T17:35:32Z,75
1913700,East,Zirakpur,DHILLON,Unplanned,Closed,2026-08-08T16:02:00Z,2026-08-08T16:50:00Z,48
1913698,East,MOHALI,11 KV Manohar,Unplanned,Closed,2026-08-08T15:46:04Z,2026-08-08T16:20:00Z,33
1913697,East,MOHALI,11 KV OMAXE,Unplanned,Closed,2026-08-08T15:46:04Z,2026-08-08T16:20:00Z,33
1913696,East,MOHALI,11 KV Bansepur,Unplanned,Closed,2026-08-08T15:46:04Z,2026-08-08T16:20:00Z,33
1913695,East,MOHALI,JANTI DEVI,Unplanned,Closed,2026-08-08T15:46:04Z,2026-08-08T16:20:00Z,33
1913694,East,MOHALI,Janta colony,Unplanned,Closed,2026-08-08T15:46:04Z,2026-08-08T16:20:00Z,33
1913693,East,MOHALI,Mullanpur,Unplanned,Closed,2026-08-08T15:46:04Z,2026-08-08T16:20:04Z,34
1913712,South,PATIALA,INDUSTRIAL,Unplanned,Closed,2026-08-08T15:45:00Z,2026-08-08T17:50:00Z,125
1913692,East,Zirakpur,RANBAXY,Unplanned,Closed,2026-08-08T15:32:00Z,2026-08-08T15:42:00Z,10
1913699,South,PATIALA,I.T.I,Unplanned,Closed,2026-08-08T15:20:00Z,2026-08-08T17:20:00Z,120
1913691,Border,SUB URBAN AMRITSAR,District Shopping complex (DSC),Unplanned,Closed,2026-08-08T15:18:00Z,2026-08-08T15:45:00Z,27
1913690,Central,CITY WEST LUDHIANA,Ranchi Colony,Planned,Closed,2026-08-08T14:47:00Z,2026-08-08T14:55:00Z,8
1913689,Central,KHANNA,Focal Point 1,Unplanned,Closed,2026-08-08T14:40:33Z,2026-08-08T15:12:06Z,31
1913688,South,PATIALA,UPS DANDRALA,Unplanned,Closed,2026-08-08T14:40:06Z,2026-08-08T15:48:00Z,67
1913687,South,PATIALA,BISHANGARH,Unplanned,Closed,2026-08-08T14:40:00Z,2026-08-08T15:50:00Z,70
1913684,South,SANGRUR,UPS KHANOURI,Unplanned,Closed,2026-08-08T14:37:22Z,2026-08-08T15:10:00Z,32
1913685,South,SANGRUR,BHULLAN,Unplanned,Closed,2026-08-08T14:37:14Z,2026-08-08T15:10:00Z,32
1913682,North,HOSHIARPUR,CHHAMB,Unplanned,Closed,2026-08-08T14:25:00Z,2026-08-08T14:45:00Z,20
1913683,East,Zirakpur,NABHA SAHIB,Unplanned,Closed,2026-08-08T14:20:00Z,2026-08-08T14:38:00Z,18
1913681,North,HOSHIARPUR,ALAMPUR,Unplanned,Closed,2026-08-08T14:20:00Z,2026-08-08T15:10:00Z,50
1913680,West,FARIDKOT,11 KV GANJI GULAB SINGH WALA-,Planned,Active,2026-08-08T14:17:19Z,2026-08-08T15:24:29Z,67
1913679,South,SANGRUR,City-I,Unplanned,Closed,2026-08-08T14:09:00Z,2026-08-08T14:34:00Z,25
1913678,South,BARNALA,Handiaya Bazar,Planned,Closed,2026-08-08T14:00:00Z,2026-08-08T14:30:00Z,30
1913677,South,BARNALA,Pharwahi Bazar,Planned,Closed,2026-08-08T14:00:00Z,2026-08-08T14:30:00Z,30
1913676,South,BARNALA,Sadar Bazar,Planned,Closed,2026-08-08T14:00:00Z,2026-08-08T20:05:00Z,365
1913675,North,HOSHIARPUR,MASTIWAL,Unplanned,Closed,2026-08-08T14:00:00Z,2026-08-08T14:10:00Z,10
1913674,South,SANGRUR,11kv Bank road,Unplanned,Closed,2026-08-08T13:59:00Z,2026-08-08T14:33:00Z,34
1913671,South,SANGRUR,BAKHOPIR,Unplanned,Closed,2026-08-08T13:52:38Z,2026-08-08T15:05:12Z,72
1913686,Central,SUB URBAN LUDHIANA,CITY NO 07,Unplanned,Closed,2026-08-08T13:50:00Z,2026-08-08T15:55:00Z,125
1913672,East,Zirakpur,BIG BAZAAR,Unplanned,Closed,2026-08-08T13:44:00Z,2026-08-08T14:44:00Z,60
1913670,East,ROPAR,11KV Dugri,Unplanned,Closed,2026-08-08T13:40:00Z,2026-08-08T14:00:00Z,20
1913673,South,BARNALA,22 acre,Unplanned,Closed,2026-08-08T13:30:00Z,2026-08-08T20:55:00Z,445
1913667,South,PATIALA,UPS ROHTA SAHIB,Unplanned,Closed,2026-08-08T13:30:00Z,2026-08-08T15:30:00Z,120
1913668,South,SANGRUR,Dharampura,Unplanned,Closed,2026-08-08T13:10:00Z,2026-08-08T14:10:00Z,60
1913666,West,FEROZPUR,ZIRA ROAD,Unplanned,Closed,2026-08-08T13:00:00Z,2026-08-08T14:40:00Z,100
1913669,Central,SUB URBAN LUDHIANA,CITY NO 07,Unplanned,Closed,2026-08-08T12:45:00Z,2026-08-08T13:42:00Z,57
1913665,Border,TARN TARAN,GURU NANAK HOSPITAL,Unplanned,Closed,2026-08-08T12:35:00Z,2026-08-08T13:30:00Z,55
1913664,Border,GURDASPUR,THANEWAL,Planned,Closed,2026-08-08T12:30:00Z,2026-08-08T16:30:00Z,240
1913663,Border,GURDASPUR,JHAWAR,Planned,Closed,2026-08-08T12:30:00Z,2026-08-08T16:30:00Z,240
1913660,Border,GURDASPUR,Ghurala,Planned,Closed,2026-08-08T12:30:00Z,2026-08-08T16:30:00Z,240
1913662,North,HOSHIARPUR,DHOOT KALAN,Unplanned,Closed,2026-08-08T12:20:00Z,2026-08-08T13:17:00Z,57
1913661,North,HOSHIARPUR,CHACK NUR ALI,Unplanned,Closed,2026-08-08T12:20:00Z,2026-08-08T13:17:00Z,57
1913657,West,MUKATSAR,11 KV Alamgarh,Unplanned,Closed,2026-08-08T12:07:57Z,2026-08-08T12:45:08Z,37
1913658,West,MUKATSAR,11 KV KIKKER KHERA,Unplanned,Closed,2026-08-08T12:07:38Z,2026-08-08T12:45:49Z,38
1913659,East,Zirakpur,LALRU RURAL  Kandi Pure AP,Unplanned,Closed,2026-08-08T12:00:00Z,2026-08-08T12:47:00Z,47
1913654,West,MUKATSAR,11 KV Alamgarh,Unplanned,Closed,2026-08-08T11:47:47Z,2026-08-08T11:51:12Z,3
1913655,West,MUKATSAR,11 KV KIKKER KHERA,Unplanned,Closed,2026-08-08T11:47:26Z,2026-08-08T11:51:39Z,4
1913652,North,HOSHIARPUR,KOTLA,Unplanned,Closed,2026-08-08T11:45:00Z,2026-08-08T11:50:00Z,5
1913653,North,JALANDHAR,QILA MOHALLA,Unplanned,Closed,2026-08-08T11:40:00Z,2026-08-08T13:06:00Z,86
1913656,Border,TARN TARAN,Railway Road Urban..,Unplanned,Closed,2026-08-08T11:35:00Z,2026-08-08T13:30:00Z,115
1913651,South,PATIALA,UPS TUNGA,Unplanned,Closed,2026-08-08T11:35:00Z,2026-08-08T12:35:00Z,60
1913649,South,PATIALA,UPS THUHI,Unplanned,Closed,2026-08-08T11:15:00Z,2026-08-08T12:58:00Z,103
1913650,West,FARIDKOT,AMRITSAR ROAD URBAN,Unplanned,Closed,2026-08-08T11:03:00Z,2026-08-08T11:20:00Z,17
1913648,Border,TARN TARAN,Sanghey UPS,Unplanned,Closed,2026-08-08T11:01:00Z,2026-08-08T12:30:00Z,89
1913647,North,JALANDHAR,MODEL TOWN,Unplanned,Closed,2026-08-08T10:47:16Z,2026-08-08T11:17:44Z,30
1913645,East,Zirakpur,MUKANDPUR,Unplanned,Closed,2026-08-08T10:43:00Z,2026-08-08T12:30:00Z,107
1913646,South,SANGRUR,11 KV SULARGHRAT UPS,Unplanned,Closed,2026-08-08T10:40:47Z,2026-08-08T11:25:13Z,44
1913643,East,Zirakpur,DAPPAR,Unplanned,Closed,2026-08-08T10:36:00Z,2026-08-08T12:30:00Z,114
1913642,West,FEROZPUR,Amritsari Gate,Planned,Closed,2026-08-08T10:09:00Z,2026-08-08T11:40:00Z,91
1913641,West,FEROZPUR,INDUSTRIAL,Planned,Closed,2026-08-08T10:09:00Z,2026-08-08T11:40:00Z,91
1913638,East,ROPAR,ASRON,Unplanned,Closed,2026-08-08T10:04:00Z,2026-08-08T10:54:00Z,50
1913637,East,Zirakpur,11 KV ROSY,Unplanned,Closed,2026-08-08T10:02:43Z,2026-08-08T10:58:43Z,56
1913636,East,Zirakpur,ALLWIN,Unplanned,Closed,2026-08-08T10:02:43Z,2026-08-08T10:58:43Z,56
1913635,East,Zirakpur,GREEN VALLEY,Unplanned,Closed,2026-08-08T10:02:43Z,2026-08-08T10:58:43Z,56
1913634,East,Zirakpur,11kv Sahib,Unplanned,Closed,2026-08-08T10:02:43Z,2026-08-08T10:58:43Z,56
1913633,East,Zirakpur,11kv Cosmo,Unplanned,Closed,2026-08-08T10:02:43Z,2026-08-08T10:58:43Z,56
1913632,East,Zirakpur,11 kv malwa,Unplanned,Closed,2026-08-08T10:02:43Z,2026-08-08T10:58:43Z,56
1913631,East,Zirakpur,Utsav,Unplanned,Closed,2026-08-08T10:02:43Z,2026-08-08T10:58:43Z,56
1913630,East,Zirakpur,HLP,Unplanned,Closed,2026-08-08T10:02:43Z,2026-08-08T10:58:43Z,56
1913629,East,Zirakpur,BEGAMPURA,Unplanned,Closed,2026-08-08T10:02:43Z,2026-08-08T10:58:43Z,56
1913628,East,Zirakpur,Bhudda Sahib,Unplanned,Closed,2026-08-08T10:02:43Z,2026-08-08T10:58:43Z,56
1913627,East,Zirakpur,CCC,Unplanned,Closed,2026-08-08T10:02:43Z,2026-08-08T10:58:43Z,56
1913626,East,Zirakpur,PRITHIM,Unplanned,Closed,2026-08-08T10:02:43Z,2026-08-08T10:58:43Z,56
1913625,East,Zirakpur,SUKHNA,Unplanned,Closed,2026-08-08T10:02:43Z,2026-08-08T10:58:43Z,56
1913624,East,Zirakpur,SATLUJ,Unplanned,Closed,2026-08-08T10:02:43Z,2026-08-08T10:58:43Z,56
1913623,East,Zirakpur,HERMITAGE,Unplanned,Closed,2026-08-08T10:02:43Z,2026-08-08T10:58:43Z,56
1913622,East,Zirakpur,PUNJAB,Unplanned,Closed,2026-08-08T10:02:43Z,2026-08-08T10:58:43Z,56
1913621,East,Zirakpur,SIMRAN,Unplanned,Closed,2026-08-08T10:02:43Z,2026-08-08T10:58:43Z,56
1913620,East,Zirakpur,DHILLON,Unplanned,Closed,2026-08-08T10:02:43Z,2026-08-08T10:58:43Z,56
1913639,South,PATIALA,UPS BHOJOMAJRI,Unplanned,Closed,2026-08-08T10:01:00Z,2026-08-08T11:30:00Z,89
1913619,East,Zirakpur,PEER BABA ROAD,Unplanned,Closed,2026-08-08T09:59:00Z,2026-08-08T10:59:00Z,60
1913618,East,Zirakpur,11 KV AMBALA ROAD,Unplanned,Closed,2026-08-08T09:59:00Z,2026-08-08T10:59:00Z,60
1913617,East,Zirakpur,M.E.S,Unplanned,Closed,2026-08-08T09:59:00Z,2026-08-08T10:59:00Z,60
1913616,East,Zirakpur,11 KV HLP1,Unplanned,Closed,2026-08-08T09:59:00Z,2026-08-08T10:59:00Z,60
1913615,East,Zirakpur,Sukhmani Sahib,Unplanned,Closed,2026-08-08T09:59:00Z,2026-08-08T10:59:00Z,60
1913614,East,Zirakpur,11 KV AURA GAZANIA,Unplanned,Closed,2026-08-08T09:59:00Z,2026-08-08T10:59:00Z,60
1913613,East,Zirakpur,AMELIA,Unplanned,Closed,2026-08-08T09:59:00Z,2026-08-08T10:59:00Z,60
1913612,East,Zirakpur,SKYLAR HOME,Unplanned,Closed,2026-08-08T09:59:00Z,2026-08-08T10:59:00Z,60
1913611,East,Zirakpur,ANANTA,Unplanned,Closed,2026-08-08T09:59:00Z,2026-08-08T10:59:00Z,60
1913610,East,Zirakpur,Jaskaran,Unplanned,Closed,2026-08-08T09:59:00Z,2026-08-08T10:59:00Z,60
1913609,East,Zirakpur,SILVERCITY,Unplanned,Closed,2026-08-08T09:59:00Z,2026-08-08T10:59:00Z,60
1913608,East,Zirakpur,RANBAXY,Unplanned,Closed,2026-08-08T09:59:00Z,2026-08-08T10:59:00Z,60
1913607,East,Zirakpur,ASSTHA,Unplanned,Closed,2026-08-08T09:59:00Z,2026-08-08T10:59:00Z,60
1913606,East,Zirakpur,Bhabat,Unplanned,Closed,2026-08-08T09:59:00Z,2026-08-08T10:59:00Z,60
1913605,East,Zirakpur,SINGHPURA,Unplanned,Closed,2026-08-08T09:59:00Z,2026-08-08T10:59:00Z,60
1913604,East,Zirakpur,11 KV VICTORIA,Unplanned,Closed,2026-08-08T09:59:00Z,2026-08-08T10:59:00Z,60
1913603,East,Zirakpur,11 KV DAULAT SINGH,Unplanned,Closed,2026-08-08T09:59:00Z,2026-08-08T10:59:00Z,60
1913602,East,Zirakpur,11 kv adda jhungia cat-1,Unplanned,Closed,2026-08-08T09:59:00Z,2026-08-08T10:59:00Z,60
1913601,East,Zirakpur,SAVITRYGREEN,Unplanned,Closed,2026-08-08T09:59:00Z,2026-08-08T10:59:00Z,60
1913600,East,Zirakpur,11 kv Japuria Feeder,Unplanned,Closed,2026-08-08T09:59:00Z,2026-08-08T10:59:00Z,60
1913599,East,Zirakpur,GREEN LOTUS,Unplanned,Closed,2026-08-08T09:59:00Z,2026-08-08T10:59:00Z,60
1913598,East,Zirakpur,NABHA SAHIB,Unplanned,Closed,2026-08-08T09:59:00Z,2026-08-08T10:59:00Z,60
1913597,East,Zirakpur,ZIRAKPUR-2,Unplanned,Closed,2026-08-08T09:59:00Z,2026-08-08T10:59:00Z,60
1913596,East,Zirakpur,ECME,Unplanned,Closed,2026-08-08T09:59:00Z,2026-08-08T10:59:00Z,60
1913595,East,Zirakpur,ROYAL ESTATE,Unplanned,Closed,2026-08-08T09:59:00Z,2026-08-08T10:59:00Z,60
1913594,East,Zirakpur,TRISHLA,Unplanned,Closed,2026-08-08T09:59:00Z,2026-08-08T10:59:00Z,60
1913593,East,Zirakpur,RAIL VIHAR,Unplanned,Closed,2026-08-08T09:59:00Z,2026-08-08T10:59:00Z,60
1913592,East,Zirakpur,PATIALA ROAD,Unplanned,Closed,2026-08-08T09:59:00Z,2026-08-08T10:59:00Z,60
1913591,East,Zirakpur,ZIRAKPUR-1,Unplanned,Closed,2026-08-08T09:59:00Z,2026-08-08T10:59:00Z,60
1913590,East,Zirakpur,ORBIT,Unplanned,Closed,2026-08-08T09:59:00Z,2026-08-08T10:59:00Z,60
1913589,Border,TARN TARAN,UMRANANGAL,Unplanned,Closed,2026-08-08T09:52:50Z,2026-08-08T12:00:00Z,127
1913640,West,FEROZPUR,COURT FEEDER,Planned,Closed,2026-08-08T09:45:00Z,2026-08-08T12:47:00Z,182
1913586,West,MUKATSAR,DALMIR KHERA,Unplanned,Closed,2026-08-08T09:40:36Z,2026-08-08T10:10:49Z,30
1913587,West,MUKATSAR,MAUJGARH,Unplanned,Closed,2026-08-08T09:40:23Z,2026-08-08T10:11:33Z,31
1913588,South,SANGRUR,11KV KHERU ROAD CAT2,Unplanned,Closed,2026-08-08T09:35:00Z,2026-08-08T12:45:00Z,190
1913582,Border,TARN TARAN,Baba Bakala,Planned,Closed,2026-08-08T09:30:05Z,2026-08-08T14:30:30Z,300
1913584,Central,CITY WEST LUDHIANA,VISHAL NAGAR,Planned,Closed,2026-08-08T09:20:00Z,2026-08-08T09:31:00Z,11
1913583,Central,KHANNA,LIBRA,Unplanned,Closed,2026-08-08T09:16:43Z,2026-08-08T10:46:56Z,90
1913581,Central,KHANNA,RASULARA,Unplanned,Closed,2026-08-08T09:07:29Z,2026-08-10T03:37:51Z,2550
1913580,South,SANGRUR,UPS RAMPURA,Unplanned,Closed,2026-08-08T08:45:48Z,2026-08-08T09:53:02Z,67
1913578,South,SANGRUR,GHAMOORGHAT CITY,Unplanned,Closed,2026-08-08T08:45:47Z,2026-08-08T09:50:57Z,65
1913579,South,SANGRUR,24 HRS. GHAMOORGHAT,Unplanned,Closed,2026-08-08T08:45:28Z,2026-08-08T10:16:22Z,90
1913585,South,SANGRUR,Sherpur Road,Unplanned,Closed,2026-08-08T08:45:00Z,2026-08-08T12:22:00Z,217
1913577,South,SANGRUR,Industrial (Benra),Unplanned,Closed,2026-08-08T08:30:00Z,2026-08-08T08:55:00Z,25
1913926,North,JALANDHAR,11KV Mithapur Feeder,Unplanned,Closed,2026-08-08T08:21:00Z,2026-08-09T09:53:00Z,1532
1913576,South,PATIALA,Moderen City,Unplanned,Closed,2026-08-08T08:18:00Z,2026-08-08T12:10:00Z,232
1913574,South,PATIALA,UPS ROHTA SAHIB,Unplanned,Closed,2026-08-08T08:15:00Z,2026-08-08T10:20:00Z,125
1913575,South,PATIALA,CINEMA  ROAD,Unplanned,Closed,2026-08-08T08:10:00Z,2026-08-08T10:35:00Z,145
1913573,Border,TARN TARAN,JAMA RAI UPS,Unplanned,Closed,2026-08-08T07:45:00Z,2026-08-08T08:10:00Z,25
1913572,East,Zirakpur,ABBOT COLD STORE,Unplanned,Closed,2026-08-08T07:08:42Z,2026-08-08T07:40:49Z,32
1913569,East,Zirakpur,RAM PUR SAINIAN,Unplanned,Closed,2026-08-08T07:08:36Z,2026-08-08T07:38:12Z,29
1913570,East,Zirakpur,ABBOT COLD STORE,Unplanned,Closed,2026-08-08T07:08:27Z,2026-08-08T07:08:36Z,0
1913571,East,Zirakpur,11 KV Gulabgarh road,Unplanned,Closed,2026-08-08T07:08:06Z,2026-08-08T07:39:22Z,31
1913567,West,MUKATSAR,11 KV Focal Point-2,Planned,Active,2026-08-08T06:52:10Z,2026-08-08T08:52:10Z,120
1913565,West,MUKATSAR,11 KV BSF,Planned,Active,2026-08-08T06:52:10Z,2026-08-08T08:52:10Z,120
1913563,West,MUKATSAR,11 KV Focal Point-1,Planned,Active,2026-08-08T06:52:10Z,2026-08-08T08:52:10Z,120
1913561,West,MUKATSAR,11 KV Chirag dhani,Planned,Active,2026-08-08T06:52:10Z,2026-08-08T08:52:10Z,120
1913556,West,MUKATSAR,11 KV Alamgarh,Planned,Active,2026-08-08T06:52:10Z,2026-08-08T08:52:10Z,120
1913555,West,MUKATSAR,KRISHNA NAGRI,Planned,Closed,2026-08-08T06:52:10Z,2026-08-08T08:29:01Z,96
1913554,West,MUKATSAR,11 KV RIDHI SIDHI URBAN,Planned,Active,2026-08-08T06:47:28Z,2026-08-08T08:30:28Z,103
1913719,North,JALANDHAR,11KV GTB NAGAR,Unplanned,Closed,2026-08-08T05:47:00Z,2026-08-08T07:30:00Z,103
1913539,Border,SUB URBAN AMRITSAR,A.S.FARM,Unplanned,Closed,2026-08-08T04:52:00Z,2026-08-08T05:58:00Z,66
1913538,South,SANGRUR,Industrial (Benra),Unplanned,Closed,2026-08-08T04:10:00Z,2026-08-08T05:40:00Z,90
1913537,Border,SUB URBAN AMRITSAR,SUNCITY,Unplanned,Closed,2026-08-08T00:00:00Z,2026-08-08T07:18:00Z,438
1913536,East,Zirakpur,ECME,Unplanned,Closed,2026-08-07T23:08:00Z,2026-08-07T23:43:00Z,35
1913535,East,Zirakpur,11 kv Japuria Feeder,Unplanned,Closed,2026-08-07T23:08:00Z,2026-08-07T23:42:00Z,34
1913534,East,Zirakpur,HERMITAGE,Unplanned,Closed,2026-08-07T22:46:00Z,2026-08-07T23:25:00Z,39
1913532,East,Zirakpur,INDOSWIFT LAB,Unplanned,Closed,2026-08-07T22:42:44Z,2026-08-07T22:53:02Z,10
1913533,East,Zirakpur,11 kv kuranwala industry,Unplanned,Closed,2026-08-07T22:42:19Z,2026-08-07T22:53:33Z,11
1913530,West,FEROZPUR,ARSONAL,Planned,Closed,2026-08-07T22:30:00Z,2026-08-07T23:00:00Z,30
1913531,Border,SUB URBAN AMRITSAR,NEHRU COLONY,Unplanned,Closed,2026-08-07T22:02:00Z,2026-08-07T22:35:00Z,33
1913529,West,FEROZPUR,UPS FEEDER,Planned,Closed,2026-08-07T21:38:00Z,2026-08-07T22:52:00Z,74
1913524,South,SANGRUR,M K Road,Unplanned,Closed,2026-08-07T21:15:00Z,2026-08-07T22:48:34Z,93
1913523,East,Zirakpur,RANBAXY,Unplanned,Closed,2026-08-07T21:05:00Z,2026-08-07T21:20:00Z,15
1913525,Border,TARN TARAN,Railway Road Urban..,Unplanned,Closed,2026-08-07T21:01:00Z,2026-08-07T22:01:00Z,60
1913519,South,SANGRUR,Markfed,Unplanned,Closed,2026-08-07T20:44:00Z,2026-08-07T21:00:00Z,16
1913518,Central,KHANNA,Amloh Road,Unplanned,Closed,2026-08-07T20:40:55Z,2026-08-07T21:29:53Z,48
1913520,South,PATIALA,INDUSTRIAL F.POINT,Unplanned,Closed,2026-08-07T20:40:00Z,2026-08-07T22:05:00Z,85
1913528,East,Zirakpur,EKTA VIHAR,Unplanned,Closed,2026-08-07T20:35:00Z,2026-08-07T21:36:00Z,61
1913526,East,Zirakpur,HLP,Unplanned,Closed,2026-08-07T20:10:00Z,2026-08-07T21:20:00Z,70
1913517,West,FEROZPUR,MADHRE,Planned,Closed,2026-08-07T20:00:00Z,2026-08-07T21:31:00Z,91
1913516,West,FEROZPUR,Amritsari Gate,Planned,Closed,2026-08-07T19:51:00Z,2026-08-07T21:00:00Z,69
1913515,South,BARNALA,Dhanaula Road,Unplanned,Closed,2026-08-07T19:40:00Z,2026-08-07T21:00:00Z,80
1913522,East,Zirakpur,PRITHIM,Unplanned,Closed,2026-08-07T18:48:00Z,2026-08-07T19:05:00Z,17
1913521,East,Zirakpur,ZIRAKPUR-1,Unplanned,Closed,2026-08-07T18:48:00Z,2026-08-07T19:05:00Z,17
1913514,South,SANGRUR,M K Road,Unplanned,Closed,2026-08-07T18:30:00Z,2026-08-07T19:17:00Z,47
1913513,Border,TARN TARAN,NAUSHEHRA PANNUN URBAN,Unplanned,Closed,2026-08-07T17:55:00Z,2026-08-07T19:55:00Z,120
1913496,South,PATIALA,Focal Point-III,Unplanned,Closed,2026-08-07T17:30:00Z,2026-08-07T18:05:00Z,35
1913495,East,Zirakpur,Hasanpur UPS,Unplanned,Closed,2026-08-07T17:11:00Z,2026-08-07T17:41:00Z,30
1913512,East,Zirakpur,SAVITRY GREEN 2,Unplanned,Closed,2026-08-07T17:00:37Z,2026-08-07T17:46:37Z,46
1913511,East,Zirakpur,EKTA VIHAR,Unplanned,Closed,2026-08-07T17:00:37Z,2026-08-07T17:46:37Z,46
1913510,East,Zirakpur,11KV  SUSHMA,Unplanned,Closed,2026-08-07T17:00:37Z,2026-08-07T17:46:37Z,46
1913509,East,Zirakpur,11 KV Aero Home Feeder,Unplanned,Closed,2026-08-07T17:00:37Z,2026-08-07T17:46:37Z,46
1913508,East,Zirakpur,11KV Dream Home,Unplanned,Closed,2026-08-07T17:00:37Z,2026-08-07T17:46:37Z,46
1913507,East,Zirakpur,HARMILAP NAGAR,Unplanned,Closed,2026-08-07T17:00:37Z,2026-08-07T17:46:37Z,46
1913506,East,Zirakpur,DHAKOLI,Unplanned,Closed,2026-08-07T17:00:37Z,2026-08-07T17:46:37Z,46
1913505,East,Zirakpur,SACHKHAND SAHIB,Unplanned,Closed,2026-08-07T17:00:37Z,2026-08-07T17:46:37Z,46
1913504,East,Zirakpur,KHANNA,Unplanned,Closed,2026-08-07T17:00:37Z,2026-08-07T17:46:37Z,46
1913503,East,Zirakpur,11kv Hanumant Feeder,Unplanned,Closed,2026-08-07T17:00:37Z,2026-08-07T17:46:37Z,46
1913502,East,Zirakpur,TRY CITY,Unplanned,Closed,2026-08-07T17:00:37Z,2026-08-07T17:46:37Z,46
1913501,East,Zirakpur,REGLIYA,Unplanned,Closed,2026-08-07T17:00:37Z,2026-08-07T17:46:37Z,46
1913500,East,Zirakpur,ESCON ERENA,Unplanned,Closed,2026-08-07T17:00:37Z,2026-08-07T17:46:37Z,46
1913499,East,Zirakpur,PEER MUCHHALA,Unplanned,Closed,2026-08-07T17:00:37Z,2026-08-07T17:46:37Z,46
1913498,East,Zirakpur,CITY COURT,Unplanned,Closed,2026-08-07T17:00:37Z,2026-08-07T17:46:37Z,46
1913497,East,Zirakpur,SANULI,Unplanned,Closed,2026-08-07T17:00:37Z,2026-08-07T17:46:37Z,46
1913493,South,SANGRUR,PUNIA COLONY,Unplanned,Closed,2026-08-07T16:45:15Z,2026-08-07T17:15:29Z,30
1913494,East,Zirakpur,Hasanpur UPS,Unplanned,Closed,2026-08-07T16:42:00Z,2026-08-07T17:00:00Z,18
1913492,Border,SUB URBAN AMRITSAR,Shaheed Udham Singh,Unplanned,Closed,2026-08-07T16:38:00Z,2026-08-07T17:15:00Z,37
1913487,West,MUKATSAR,DALMIR KHERA,Unplanned,Closed,2026-08-07T16:17:49Z,2026-08-07T16:41:01Z,23
1913489,West,MUKATSAR,DAULATPURA UPS,Unplanned,Closed,2026-08-07T16:17:16Z,2026-08-07T16:49:41Z,32
1913488,West,MUKATSAR,MAUJGARH,Unplanned,Closed,2026-08-07T16:17:06Z,2026-08-07T16:49:17Z,32
1913491,West,FEROZPUR,UPS FEEDER,Planned,Closed,2026-08-07T16:16:00Z,2026-08-07T17:20:00Z,64
1913490,South,PATIALA,11 KV UPS BORAN-KALAN,Unplanned,Closed,2026-08-07T16:15:00Z,2026-08-07T16:45:00Z,30
1913468,South,PATIALA,Mohindra College,Unplanned,Closed,2026-08-07T16:14:12Z,2026-08-07T17:17:03Z,62
1913435,West,MUKATSAR,11 KV SUKHCHAIN,Unplanned,Closed,2026-08-07T15:56:59Z,2026-08-07T17:16:08Z,79
1913437,West,MUKATSAR,11 KV Bhagsar UPS,Unplanned,Closed,2026-08-07T15:56:47Z,2026-08-07T16:15:53Z,19
1913436,West,MUKATSAR,11 KV SARDARPURA UPS,Unplanned,Closed,2026-08-07T15:56:26Z,2026-08-07T16:15:33Z,19
1913434,North,JALANDHAR,GURUDWARA SHIV NAGAR,Unplanned,Closed,2026-08-07T15:50:00Z,2026-08-07T16:04:00Z,14
1913433,Border,TARN TARAN,JAWANDY KHURD,Unplanned,Closed,2026-08-07T15:35:00Z,2026-08-07T15:45:00Z,10
1913431,South,PATIALA,SULAR,Unplanned,Closed,2026-08-07T15:23:27Z,2026-08-07T16:09:00Z,45
1913429,South,SANGRUR,Ballran C-1,Planned,Closed,2026-08-07T15:18:24Z,2026-08-07T16:47:32Z,89
1913430,South,SANGRUR,11 KV MAYA GARDEN,Unplanned,Closed,2026-08-07T15:18:00Z,2026-08-07T16:00:52Z,42
1913432,West,FEROZPUR,INDUSTRIAL,Planned,Closed,2026-08-07T15:16:00Z,2026-08-07T16:15:00Z,59
1913428,Central,CITY WEST LUDHIANA,HOUSEFED,Planned,Closed,2026-08-07T15:10:00Z,2026-08-07T15:24:00Z,14
1913427,Central,CITY WEST LUDHIANA,DHANDRA,Planned,Closed,2026-08-07T15:06:00Z,2026-08-07T15:35:00Z,29
1913426,North,JALANDHAR,PUNJABI BAGH,Unplanned,Closed,2026-08-07T15:00:00Z,2026-08-07T15:27:00Z,27
1913467,East,Zirakpur,PEER BABA ROAD,Unplanned,Closed,2026-08-07T14:32:47Z,2026-08-07T17:05:47Z,153
1913466,East,Zirakpur,11 KV AMBALA ROAD,Unplanned,Closed,2026-08-07T14:32:47Z,2026-08-07T17:05:47Z,153
1913465,East,Zirakpur,M.E.S,Unplanned,Closed,2026-08-07T14:32:47Z,2026-08-07T17:05:47Z,153
1913464,East,Zirakpur,11 KV HLP1,Unplanned,Closed,2026-08-07T14:32:47Z,2026-08-07T17:05:47Z,153
1913463,East,Zirakpur,Sukhmani Sahib,Unplanned,Closed,2026-08-07T14:32:47Z,2026-08-07T17:05:47Z,153
1913462,East,Zirakpur,11 KV AURA GAZANIA,Unplanned,Closed,2026-08-07T14:32:47Z,2026-08-07T17:05:47Z,153
1913461,East,Zirakpur,AMELIA,Unplanned,Closed,2026-08-07T14:32:47Z,2026-08-07T17:05:47Z,153
1913460,East,Zirakpur,SKYLAR HOME,Unplanned,Closed,2026-08-07T14:32:47Z,2026-08-07T17:05:47Z,153
1913459,East,Zirakpur,ANANTA,Unplanned,Closed,2026-08-07T14:32:47Z,2026-08-07T17:05:47Z,153
1913458,East,Zirakpur,Jaskaran,Unplanned,Closed,2026-08-07T14:32:47Z,2026-08-07T17:05:47Z,153
1913457,East,Zirakpur,SILVERCITY,Unplanned,Closed,2026-08-07T14:32:47Z,2026-08-07T17:05:47Z,153
1913456,East,Zirakpur,RANBAXY,Unplanned,Closed,2026-08-07T14:32:47Z,2026-08-07T17:05:47Z,153
1913455,East,Zirakpur,ASSTHA,Unplanned,Closed,2026-08-07T14:32:47Z,2026-08-07T17:05:47Z,153
1913454,East,Zirakpur,Bhabat,Unplanned,Closed,2026-08-07T14:32:47Z,2026-08-07T17:05:47Z,153
1913453,East,Zirakpur,SINGHPURA,Unplanned,Closed,2026-08-07T14:32:47Z,2026-08-07T17:05:47Z,153
1913452,East,Zirakpur,11 KV VICTORIA,Unplanned,Closed,2026-08-07T14:32:47Z,2026-08-07T17:05:47Z,153
1913451,East,Zirakpur,11 KV DAULAT SINGH,Unplanned,Closed,2026-08-07T14:32:47Z,2026-08-07T17:05:47Z,153
1913450,East,Zirakpur,11 kv adda jhungia cat-1,Unplanned,Closed,2026-08-07T14:32:47Z,2026-08-07T17:05:47Z,153
1913449,East,Zirakpur,SAVITRYGREEN,Unplanned,Closed,2026-08-07T14:32:47Z,2026-08-07T17:05:47Z,153
1913448,East,Zirakpur,11 kv Japuria Feeder,Unplanned,Closed,2026-08-07T14:32:47Z,2026-08-07T17:05:47Z,153
1913447,East,Zirakpur,GREEN LOTUS,Unplanned,Closed,2026-08-07T14:32:47Z,2026-08-07T17:05:47Z,153
1913446,East,Zirakpur,NABHA SAHIB,Unplanned,Closed,2026-08-07T14:32:47Z,2026-08-07T17:05:47Z,153
1913445,East,Zirakpur,ZIRAKPUR-2,Unplanned,Closed,2026-08-07T14:32:47Z,2026-08-07T17:05:47Z,153
1913444,East,Zirakpur,ECME,Unplanned,Closed,2026-08-07T14:32:47Z,2026-08-07T17:05:47Z,153
1913443,East,Zirakpur,ROYAL ESTATE,Unplanned,Closed,2026-08-07T14:32:47Z,2026-08-07T17:05:47Z,153
1913442,East,Zirakpur,TRISHLA,Unplanned,Closed,2026-08-07T14:32:47Z,2026-08-07T17:05:47Z,153
1913441,East,Zirakpur,RAIL VIHAR,Unplanned,Closed,2026-08-07T14:32:47Z,2026-08-07T17:05:47Z,153
1913440,East,Zirakpur,PATIALA ROAD,Unplanned,Closed,2026-08-07T14:32:47Z,2026-08-07T17:05:47Z,153
1913439,East,Zirakpur,ZIRAKPUR-1,Unplanned,Closed,2026-08-07T14:32:47Z,2026-08-07T17:05:47Z,153
1913438,East,Zirakpur,ORBIT,Unplanned,Closed,2026-08-07T14:32:47Z,2026-08-07T17:05:47Z,153
1913486,East,Zirakpur,11 KV ROSY,Unplanned,Closed,2026-08-07T14:32:06Z,2026-08-07T17:05:06Z,153
1913485,East,Zirakpur,ALLWIN,Unplanned,Closed,2026-08-07T14:32:06Z,2026-08-07T17:05:06Z,153
1913484,East,Zirakpur,GREEN VALLEY,Unplanned,Closed,2026-08-07T14:32:06Z,2026-08-07T17:05:06Z,153
1913483,East,Zirakpur,11kv Sahib,Unplanned,Closed,2026-08-07T14:32:06Z,2026-08-07T18:00:06Z,208
1913482,East,Zirakpur,11kv Cosmo,Unplanned,Closed,2026-08-07T14:32:06Z,2026-08-07T18:31:06Z,239
1913481,East,Zirakpur,11 kv malwa,Unplanned,Closed,2026-08-07T14:32:06Z,2026-08-07T17:05:06Z,153
1913480,East,Zirakpur,Utsav,Unplanned,Closed,2026-08-07T14:32:06Z,2026-08-07T18:00:06Z,208
1913479,East,Zirakpur,HLP,Unplanned,Closed,2026-08-07T14:32:06Z,2026-08-07T18:00:06Z,208
1913478,East,Zirakpur,BEGAMPURA,Unplanned,Closed,2026-08-07T14:32:06Z,2026-08-07T18:00:06Z,208
1913477,East,Zirakpur,Bhudda Sahib,Unplanned,Closed,2026-08-07T14:32:06Z,2026-08-07T17:05:06Z,153
1913476,East,Zirakpur,CCC,Unplanned,Closed,2026-08-07T14:32:06Z,2026-08-07T17:05:06Z,153
1913475,East,Zirakpur,PRITHIM,Unplanned,Closed,2026-08-07T14:32:06Z,2026-08-07T17:05:06Z,153
1913474,East,Zirakpur,SUKHNA,Unplanned,Closed,2026-08-07T14:32:06Z,2026-08-07T17:05:06Z,153
1913473,East,Zirakpur,SATLUJ,Unplanned,Closed,2026-08-07T14:32:06Z,2026-08-07T17:05:06Z,153
1913472,East,Zirakpur,HERMITAGE,Unplanned,Closed,2026-08-07T14:32:06Z,2026-08-07T17:05:06Z,153
1913471,East,Zirakpur,PUNJAB,Unplanned,Closed,2026-08-07T14:32:06Z,2026-08-07T17:05:06Z,153
1913470,East,Zirakpur,SIMRAN,Unplanned,Closed,2026-08-07T14:32:06Z,2026-08-07T17:05:06Z,153
1913469,East,Zirakpur,DHILLON,Unplanned,Closed,2026-08-07T14:32:06Z,2026-08-07T18:00:06Z,208
1913424,West,FEROZPUR,AMAR TAKIS,Unplanned,Closed,2026-08-07T14:17:00Z,2026-08-07T15:34:00Z,77
1913423,West,FEROZPUR,HABIB WALA,Planned,Closed,2026-08-07T14:15:00Z,2026-08-07T15:15:00Z,60
1913421,East,Zirakpur,Dehar. Cat. 1,Unplanned,Closed,2026-08-07T14:12:00Z,2026-08-07T15:26:00Z,74
1913425,Border,TARN TARAN,Sanghey UPS,Unplanned,Closed,2026-08-07T14:07:00Z,2026-08-07T15:30:00Z,83
1913420,Central,CITY WEST LUDHIANA,PHULLANWAL,Planned,Closed,2026-08-07T14:00:00Z,2026-08-07T14:26:00Z,26
1913419,Central,CITY WEST LUDHIANA,Ranchi Colony,Planned,Closed,2026-08-07T14:00:00Z,2026-08-07T14:26:00Z,26
1913418,South,PATIALA,Puda enclave,Planned,Closed,2026-08-07T13:59:00Z,2026-08-07T14:34:00Z,35
1913422,South,PATIALA,AMARGARH UPS,Unplanned,Closed,2026-08-07T13:55:00Z,2026-08-07T15:55:00Z,120
1913417,East,Zirakpur,DAPPAR,Unplanned,Closed,2026-08-07T13:54:00Z,2026-08-07T14:30:00Z,36
1913416,Central,KHANNA,CITY-2,Unplanned,Closed,2026-08-07T13:53:38Z,2026-08-07T15:15:15Z,81
1913413,South,PATIALA,Model Town 220kv,Planned,Closed,2026-08-07T13:30:00Z,2026-08-07T14:00:00Z,30
1913414,North,HOSHIARPUR,11KV KALLOWAL FEEDER,Unplanned,Closed,2026-08-07T13:20:00Z,2026-08-07T13:25:00Z,5
1913412,South,SANGRUR,11 KV BAHADURPUR UPS,Unplanned,Closed,2026-08-07T13:13:00Z,2026-08-07T14:00:00Z,47
1913411,North,JALANDHAR,INDUSTRIAL AREA 2,Unplanned,Closed,2026-08-07T13:06:00Z,2026-08-07T13:35:00Z,29
1913415,Border,SUB URBAN AMRITSAR,Kherabad,Unplanned,Closed,2026-08-07T13:00:00Z,2026-08-07T14:12:00Z,72
1913409,West,FARIDKOT,THARA AP,Unplanned,Closed,2026-08-07T12:40:12Z,2026-08-07T13:30:59Z,50
1913410,Border,TARN TARAN,THATHIAN 3 W URBAN`,Unplanned,Closed,2026-08-07T12:40:00Z,2026-08-07T14:10:00Z,90
1913408,North,HOSHIARPUR,Pandori Attwal,Unplanned,Closed,2026-08-07T12:40:00Z,2026-08-07T13:35:00Z,55
1913407,North,HOSHIARPUR,MASTIWAL,Unplanned,Closed,2026-08-07T12:40:00Z,2026-08-07T13:35:00Z,55
1913406,South,SANGRUR,DYALGARH,Unplanned,Closed,2026-08-07T12:35:00Z,2026-08-07T13:12:44Z,37
1913405,West,FARIDKOT,LandeKe URBAN,Unplanned,Closed,2026-08-07T12:32:46Z,2026-08-07T13:12:10Z,39
1913403,West,FEROZPUR,URBAN JHOKE HARI HAR,Planned,Closed,2026-08-07T12:17:00Z,2026-08-07T12:44:00Z,27
1913402,North,HOSHIARPUR,DHOOT KALAN,Unplanned,Closed,2026-08-07T12:10:00Z,2026-08-07T12:35:00Z,25
1913401,Border,SUB URBAN AMRITSAR,MAJITHA,Unplanned,Closed,2026-08-07T12:06:28Z,2026-08-07T12:40:45Z,34
1913404,South,PATIALA,Puda enclave,Unplanned,Closed,2026-08-07T12:00:00Z,2026-08-07T13:45:00Z,105
1913375,North,HOSHIARPUR,SANSARPUR,Unplanned,Closed,2026-08-07T11:35:00Z,2026-08-07T11:50:00Z,15
1913374,North,HOSHIARPUR,11KV MAKOWAL,Unplanned,Closed,2026-08-07T11:35:00Z,2026-08-07T11:50:00Z,15
1913396,North,HOSHIARPUR,Ravidas Nagar feeder,Planned,Closed,2026-08-07T11:31:00Z,2026-08-07T13:30:00Z,119
1913382,North,HOSHIARPUR,L I C,Planned,Closed,2026-08-07T11:31:00Z,2026-08-07T13:31:00Z,120
1913380,North,HOSHIARPUR,GUR MANDI,Planned,Closed,2026-08-07T11:31:00Z,2026-08-07T13:30:00Z,119
1913379,North,HOSHIARPUR,KOTWALI BAZAR,Planned,Closed,2026-08-07T11:31:00Z,2026-08-07T13:29:00Z,118
1913378,North,HOSHIARPUR,RED ROAD,Planned,Closed,2026-08-07T11:31:00Z,2026-08-07T13:19:00Z,108
1913400,North,HOSHIARPUR,service club,Planned,Closed,2026-08-07T11:30:00Z,2026-08-07T13:30:00Z,120
1913399,North,HOSHIARPUR,PB. AGRO,Planned,Closed,2026-08-07T11:30:00Z,2026-08-07T13:30:00Z,120
1913398,North,HOSHIARPUR,BAJWARA,Planned,Closed,2026-08-07T11:30:00Z,2026-08-07T13:30:00Z,120
1913397,North,HOSHIARPUR,11 KV Narayan Nagar,Planned,Closed,2026-08-07T11:30:00Z,2026-08-07T13:30:00Z,120
1913395,North,HOSHIARPUR,Salwara,Planned,Closed,2026-08-07T11:30:00Z,2026-08-07T13:30:00Z,120
1913394,North,HOSHIARPUR,Ghanta Ghar,Planned,Closed,2026-08-07T11:30:00Z,2026-08-07T13:30:00Z,120
1913393,North,HOSHIARPUR,Bassi Gulam Hussian,Planned,Closed,2026-08-07T11:30:00Z,2026-08-07T13:30:00Z,120
1913392,North,HOSHIARPUR,KHARKAN,Planned,Closed,2026-08-07T11:30:00Z,2026-08-07T13:30:00Z,120
1913391,North,HOSHIARPUR,MOUNT AVENUE,Planned,Closed,2026-08-07T11:30:00Z,2026-08-07T13:30:00Z,120
1913390,North,HOSHIARPUR,SUNDER NAGAR,Planned,Closed,2026-08-07T11:30:00Z,2026-08-07T13:30:00Z,120
1913389,North,HOSHIARPUR,SHIVAM HOSPITAL,Planned,Closed,2026-08-07T11:30:00Z,2026-08-07T13:30:00Z,120
1913388,North,HOSHIARPUR,SHIMLA PAHARI,Planned,Closed,2026-08-07T11:30:00Z,2026-08-07T13:30:00Z,120
1913387,North,HOSHIARPUR,NARA DADA,Planned,Closed,2026-08-07T11:30:00Z,2026-08-07T13:30:00Z,120
1913386,North,HOSHIARPUR,CHAUNNI,Planned,Closed,2026-08-07T11:30:00Z,2026-08-07T13:30:00Z,120
1913385,North,HOSHIARPUR,ASLAMABAD,Planned,Closed,2026-08-07T11:30:00Z,2026-08-07T13:30:00Z,120
1913384,North,HOSHIARPUR,FATEHGARH,Planned,Closed,2026-08-07T11:30:00Z,2026-08-07T13:30:00Z,120
1913383,North,HOSHIARPUR,11 KV Balkrishan Road,Planned,Closed,2026-08-07T11:30:00Z,2026-08-07T13:28:00Z,118
1913376,North,HOSHIARPUR,GREEN VIEW PARK,Planned,Closed,2026-08-07T11:30:00Z,2026-08-07T13:30:00Z,120
1913365,Border,GURDASPUR,Aujla,Planned,Closed,2026-08-07T11:30:00Z,2026-08-07T15:05:00Z,215
1913356,North,HOSHIARPUR,AJJOWAL,Planned,Closed,2026-08-07T11:30:00Z,2026-08-07T13:30:00Z,120
1913355,North,HOSHIARPUR,Bhagowal,Planned,Closed,2026-08-07T11:30:00Z,2026-08-07T13:30:00Z,120
1913354,North,HOSHIARPUR,KAKKON,Planned,Closed,2026-08-07T11:30:00Z,2026-08-07T13:30:00Z,120
1913353,North,HOSHIARPUR,BAINS KHURD,Planned,Closed,2026-08-07T11:30:00Z,2026-08-07T13:30:00Z,120
1913352,North,HOSHIARPUR,LACHOWAL,Planned,Closed,2026-08-07T11:30:00Z,2026-08-07T13:30:00Z,120
1913381,North,HOSHIARPUR,Sutehri Road,Planned,Closed,2026-08-07T11:29:00Z,2026-08-07T13:31:00Z,122
1913373,West,FARIDKOT,LOHARA RURAL,Unplanned,Closed,2026-08-07T11:25:02Z,2026-08-07T14:01:18Z,156
1913372,West,MUKATSAR,11 KV Telupura,Unplanned,Closed,2026-08-07T11:24:15Z,2026-08-07T11:50:54Z,26
1913371,East,Zirakpur,11 KV AMBALA ROAD,Unplanned,Closed,2026-08-07T11:16:00Z,2026-08-07T11:27:00Z,11
1913369,West,MUKATSAR,11 KV Chirag dhani,Unplanned,Closed,2026-08-07T11:10:33Z,2026-08-07T12:45:50Z,95
1913370,South,PATIALA,11 KV BABU SINGH colony,Planned,Closed,2026-08-07T11:10:00Z,2026-08-07T12:25:00Z,75
1913377,North,HOSHIARPUR,COURT COMPLEX,Planned,Closed,2026-08-07T11:03:00Z,2026-08-07T13:31:00Z,148
1913367,Central,CITY WEST LUDHIANA,Ranchi Colony,Planned,Closed,2026-08-07T11:00:00Z,2026-08-07T11:21:00Z,21
1913360,Central,SUB URBAN LUDHIANA,BHAINI BRING,Planned,Active,2026-08-07T11:00:00Z,2026-08-07T15:00:00Z,240
1913368,East,Zirakpur,ZIRAKPUR-2,Unplanned,Closed,2026-08-07T10:53:00Z,2026-08-07T11:24:00Z,31
1913363,West,FEROZPUR,ZIRA ROAD,Unplanned,Closed,2026-08-07T10:40:00Z,2026-08-07T12:30:00Z,110
1913364,East,Zirakpur,SANULI,Unplanned,Closed,2026-08-07T10:37:00Z,2026-08-07T11:25:00Z,48
1913362,Central,KHANNA,Chopra(Naraian),Unplanned,Closed,2026-08-07T10:06:00Z,2026-08-07T11:25:00Z,79
1913361,Central,KHANNA,Shastri Nagar,Unplanned,Closed,2026-08-07T10:00:00Z,2026-08-07T10:11:00Z,11
1913357,Central,KHANNA,Dittupur,Unplanned,Closed,2026-08-07T09:50:29Z,2026-08-07T11:30:44Z,100
1913358,East,Zirakpur,11 kv malwa,Unplanned,Closed,2026-08-07T09:47:00Z,2026-08-07T10:29:00Z,42
1913359,South,SANGRUR,11 KV SITASAR URBAN,Unplanned,Closed,2026-08-07T09:43:00Z,2026-08-07T11:00:00Z,77
1913350,South,SANGRUR,MEHLAN AP (GRID SUNAM),Planned,Closed,2026-08-07T09:35:00Z,2026-08-07T16:41:00Z,426
1913349,East,Zirakpur,S S INFRA,Unplanned,Closed,2026-08-07T09:15:00Z,2026-08-07T09:41:00Z,26
1913348,South,SANGRUR,Ballran C-1,Planned,Closed,2026-08-07T09:13:13Z,2026-08-07T10:36:21Z,83
1913351,West,FARIDKOT,SAHIBZADA AJIT SINGH NAGAR,Unplanned,Closed,2026-08-07T09:09:18Z,2026-08-07T11:01:32Z,112
1913347,North,HOSHIARPUR,PANWAN,Unplanned,Closed,2026-08-07T08:35:00Z,2026-08-07T09:10:00Z,35
1913346,North,JALANDHAR,STATE BANK FEEDER,Unplanned,Closed,2026-08-07T08:24:00Z,2026-08-07T09:50:00Z,86
1913345,East,ROPAR,Puda Colony Ropar,Unplanned,Closed,2026-08-07T07:02:00Z,2026-08-07T08:22:00Z,80
1913343,Central,KHANNA,Samadhi Road,Unplanned,Closed,2026-08-07T06:40:10Z,2026-08-07T07:45:07Z,64
1913344,South,SANGRUR,City,Unplanned,Closed,2026-08-07T06:40:00Z,2026-08-07T08:10:00Z,90
1913342,South,PATIALA,UPS ALLOWAL,Unplanned,Closed,2026-08-07T03:40:00Z,2026-08-07T07:00:00Z,200
1913337,West,FEROZPUR,11 KV NAMAK MANDI,Planned,Closed,2026-08-06T23:00:00Z,2026-08-07T00:00:00Z,60
1913340,Border,SUB URBAN AMRITSAR,Punjab Basmati,Unplanned,Closed,2026-08-06T22:50:00Z,2026-08-06T23:20:00Z,30
1913329,West,FEROZPUR,INDUSTRIAL,Planned,Closed,2026-08-06T22:20:00Z,2026-08-06T23:49:00Z,89
1913328,South,PATIALA,Mehs Gate,Unplanned,Closed,2026-08-06T21:45:00Z,2026-08-06T22:02:00Z,17
1913326,East,Zirakpur,ZIRAKPUR-1,Unplanned,Closed,2026-08-06T21:34:00Z,2026-08-06T22:10:00Z,36
1913327,East,Zirakpur,S S INFRA,Unplanned,Closed,2026-08-06T21:29:00Z,2026-08-06T22:20:00Z,51
1913321,South,BARNALA,MEHAL KALAN CITY,Unplanned,Closed,2026-08-06T20:43:00Z,2026-08-06T21:10:00Z,27
1913320,West,FEROZPUR,Amritsari Gate,Planned,Closed,2026-08-06T20:40:00Z,2026-08-06T22:21:00Z,101
1913319,West,FEROZPUR,RINGMAIN B,Planned,Closed,2026-08-06T20:31:00Z,2026-08-06T20:32:00Z,1
1913318,West,FEROZPUR,RINGMAIN B,Planned,Closed,2026-08-06T20:29:00Z,2026-08-06T22:00:00Z,91
1913316,West,MUKATSAR,Fatehgarh,Unplanned,Closed,2026-08-06T19:49:41Z,2026-08-06T20:20:54Z,31
1913315,West,MUKATSAR,Ahal Bodla,Unplanned,Closed,2026-08-06T19:49:07Z,2026-08-06T20:20:19Z,31
1913317,Border,SUB URBAN AMRITSAR,Gehri,Unplanned,Closed,2026-08-06T19:40:00Z,2026-08-06T20:05:00Z,25
1913325,East,Zirakpur,TRIBUNE COLONY,Unplanned,Closed,2026-08-06T19:37:00Z,2026-08-06T21:03:00Z,86
1913314,West,FEROZPUR,ARSONAL,Planned,Closed,2026-08-06T19:31:00Z,2026-08-06T20:32:00Z,61
1913313,West,FEROZPUR,ZIRA ROAD,Planned,Closed,2026-08-06T19:20:00Z,2026-08-06T21:35:00Z,135
1913312,South,PATIALA,UPS Rohti Basta,Unplanned,Closed,2026-08-06T19:05:00Z,2026-08-06T21:05:00Z,120
1913311,West,FEROZPUR,AMAR TAKIS,Planned,Closed,2026-08-06T19:00:00Z,2026-08-06T21:35:00Z,155
1913310,South,SANGRUR,New Anaj Mandi,Unplanned,Closed,2026-08-06T19:00:00Z,2026-08-06T19:40:00Z,40
1913309,Central,CITY WEST LUDHIANA,BASANT CITY,Planned,Closed,2026-08-06T18:57:00Z,2026-08-06T19:07:00Z,10
1913324,East,Zirakpur,SAINI VIHAR,Unplanned,Closed,2026-08-06T18:55:00Z,2026-08-06T19:45:00Z,50
1913308,West,FEROZPUR,HABIB WALA,Planned,Closed,2026-08-06T18:41:00Z,2026-08-06T20:30:00Z,109
1913307,West,MUKATSAR,11 KV Alamgarh,Unplanned,Closed,2026-08-06T18:36:08Z,2026-08-06T19:22:33Z,46
1913305,Central,CITY WEST LUDHIANA,VISHAL NAGAR,Planned,Closed,2026-08-06T18:12:00Z,2026-08-06T18:30:00Z,18
1913303,West,MUKATSAR,11 KV SAIDANWALI,Unplanned,Closed,2026-08-06T18:06:25Z,2026-08-06T18:35:59Z,29
1913304,South,BARNALA,Sekha Road,Unplanned,Closed,2026-08-06T17:55:00Z,2026-08-06T20:00:00Z,125
1913302,East,Zirakpur,MES,Unplanned,Closed,2026-08-06T17:43:00Z,2026-08-06T18:12:00Z,29
1913323,East,Zirakpur,SAVITRYGREEN,Unplanned,Closed,2026-08-06T17:40:00Z,2026-08-06T18:26:00Z,46
1913301,Border,SUB URBAN AMRITSAR,BOREWAL UPS,Unplanned,Closed,2026-08-06T17:35:38Z,2026-08-06T18:09:05Z,33
1913300,West,MUKATSAR,11 KV KHATWAN,Unplanned,Closed,2026-08-06T17:29:00Z,2026-08-06T18:06:00Z,37
1913306,Border,SUB URBAN AMRITSAR,BATALA ROAD,Unplanned,Closed,2026-08-06T17:25:00Z,2026-08-06T19:50:00Z,145
1913299,East,Zirakpur,MES,Unplanned,Closed,2026-08-06T17:12:00Z,2026-08-06T17:32:00Z,20
1913298,West,FARIDKOT,LandeKe URBAN,Unplanned,Closed,2026-08-06T17:01:27Z,2026-08-06T17:34:44Z,33
1913296,East,Zirakpur,Jastna Kandi Pure AP,Unplanned,Closed,2026-08-06T17:01:00Z,2026-08-06T17:59:00Z,58
1913297,West,FEROZPUR,INDUSTRIAL,Planned,Closed,2026-08-06T17:00:00Z,2026-08-06T17:21:00Z,21
1913295,East,Zirakpur,Jastna Kandi Pure AP,Unplanned,Closed,2026-08-06T16:53:00Z,2026-08-06T16:54:00Z,1
1913322,East,Zirakpur,KALKA ROAD,Unplanned,Closed,2026-08-06T16:43:00Z,2026-08-06T18:06:00Z,83
1913292,East,Zirakpur,JEOLY,Unplanned,Closed,2026-08-06T16:43:00Z,2026-08-06T17:44:00Z,61
1913294,West,FEROZPUR,MADHRE,Planned,Closed,2026-08-06T16:40:00Z,2026-08-06T18:35:00Z,115
1913291,East,Zirakpur,DAPPAR,Unplanned,Closed,2026-08-06T16:40:00Z,2026-08-06T17:40:00Z,60
1913290,West,MUKATSAR,11 KV RAJPURA,Unplanned,Closed,2026-08-06T16:37:00Z,2026-08-06T17:21:00Z,44
1913287,West,FARIDKOT,THARA AP,Unplanned,Closed,2026-08-06T16:15:38Z,2026-08-06T17:46:13Z,90
1913286,Border,GURDASPUR,City Ptk.,Unplanned,Closed,2026-08-06T16:14:00Z,2026-08-06T17:30:00Z,76
1913293,West,FEROZPUR,11 KV NAMAK MANDI,Planned,Closed,2026-08-06T16:10:00Z,2026-08-06T17:25:00Z,75
1913289,East,Zirakpur,GREEN VALLEY,Unplanned,Closed,2026-08-06T16:03:00Z,2026-08-06T16:30:00Z,27
1913285,South,BARNALA,U.P.S-2 BADRA,Unplanned,Closed,2026-08-06T15:50:00Z,2026-08-06T16:00:00Z,10
1913284,Border,TARN TARAN,Khadoor Sahib URBAN.,Unplanned,Closed,2026-08-06T15:30:00Z,2026-08-06T19:55:00Z,265
1913283,East,Zirakpur,GREEN VALLEY,Unplanned,Closed,2026-08-06T15:29:00Z,2026-08-06T16:00:00Z,31
1913288,East,Zirakpur,11 KV DAULAT SINGH,Unplanned,Closed,2026-08-06T15:10:00Z,2026-08-06T16:08:00Z,58
1913279,East,Zirakpur,Bhabat,Unplanned,Closed,2026-08-06T15:10:00Z,2026-08-06T15:55:00Z,45
1913275,North,JALANDHAR,INDUSTRIAL AREA 1,Unplanned,Closed,2026-08-06T15:05:00Z,2026-08-06T15:20:00Z,15
1913282,West,FEROZPUR,CANTT FEEDER,Planned,Closed,2026-08-06T15:02:00Z,2026-08-06T16:24:00Z,82
1913281,East,Zirakpur,ASSTHA,Unplanned,Closed,2026-08-06T14:44:00Z,2026-08-06T15:36:00Z,52
1913280,East,Zirakpur,11 KV AMBALA ROAD,Unplanned,Closed,2026-08-06T14:44:00Z,2026-08-06T15:36:00Z,52
1913278,East,Zirakpur,SAVITRYGREEN,Unplanned,Closed,2026-08-06T14:43:00Z,2026-08-06T15:07:00Z,24
1913277,West,FEROZPUR,Police Line,Planned,Closed,2026-08-06T14:30:00Z,2026-08-06T16:01:00Z,91
1913276,West,FEROZPUR,UPS FEEDER,Planned,Closed,2026-08-06T14:30:00Z,2026-08-06T16:27:00Z,117
1913274,West,MUKATSAR,11 KV Bhagsar UPS,Unplanned,Closed,2026-08-06T14:29:55Z,2026-08-06T14:56:03Z,26
1913272,West,MUKATSAR,11 KV SUKHCHAIN,Unplanned,Closed,2026-08-06T14:29:47Z,2026-08-06T14:55:02Z,25
1913273,West,MUKATSAR,11 KV SARDARPURA UPS,Unplanned,Closed,2026-08-06T14:29:27Z,2026-08-06T14:55:37Z,26
1913271,South,BARNALA,11 KV UPS KHIALI,Unplanned,Closed,2026-08-06T14:20:00Z,2026-08-06T16:00:00Z,100
1913270,East,Zirakpur,CITY COURT,Unplanned,Closed,2026-08-06T14:15:00Z,2026-08-06T15:39:00Z,84
1913269,North,HOSHIARPUR,AJJOWAL,Unplanned,Closed,2026-08-06T14:15:00Z,2026-08-06T14:30:00Z,15
1913268,North,HOSHIARPUR,Bhagowal,Unplanned,Closed,2026-08-06T14:15:00Z,2026-08-06T14:30:00Z,15
1913267,North,HOSHIARPUR,KAKKON,Unplanned,Closed,2026-08-06T14:15:00Z,2026-08-06T14:30:00Z,15
1913266,East,Zirakpur,SAINI VIHAR,Unplanned,Closed,2026-08-06T13:56:00Z,2026-08-06T14:55:00Z,59
1913265,East,Zirakpur,11 kv adda jhungia cat-1,Unplanned,Closed,2026-08-06T13:35:00Z,2026-08-06T13:53:00Z,18
1913263,South,SANGRUR,JHALLOR,Unplanned,Closed,2026-08-06T13:30:00Z,2026-08-06T14:18:00Z,48
1913262,East,ROPAR,11KV Dugri,Unplanned,Closed,2026-08-06T13:16:00Z,2026-08-06T13:46:00Z,30
1913260,South,SANGRUR,Bhadalwadh UPS,Unplanned,Closed,2026-08-06T13:16:00Z,2026-08-06T14:16:00Z,60
1913261,East,ROPAR,UPS SAHO MAJRA,Unplanned,Closed,2026-08-06T13:13:00Z,2026-08-06T14:53:00Z,100
1913264,West,FEROZPUR,Amritsari Gate,Planned,Closed,2026-08-06T13:10:00Z,2026-08-06T14:30:00Z,80
1913259,Border,SUB URBAN AMRITSAR,MES,Unplanned,Closed,2026-08-06T13:10:00Z,2026-08-06T13:41:00Z,31
1913258,North,JALANDHAR,GURUDWARA SHIV NAGAR,Unplanned,Closed,2026-08-06T13:09:00Z,2026-08-06T13:30:00Z,21
1913257,South,SANGRUR,SOHIAN,Unplanned,Closed,2026-08-06T13:07:13Z,2026-08-06T14:15:28Z,68
1913256,North,NAWANSHAHR,CITY GARHSHANKAR-2,Unplanned,Closed,2026-08-06T13:02:00Z,2026-08-06T13:34:00Z,32
1913255,South,SANGRUR,MEHLAN AP (GRID SUNAM),Planned,Closed,2026-08-06T12:50:00Z,2026-08-06T20:00:00Z,430
1913251,Central,KHANNA,Royal,Unplanned,Closed,2026-08-06T12:39:00Z,2026-08-06T13:00:00Z,21
1913245,Central,KHANNA,Labour Colony,Unplanned,Closed,2026-08-06T12:39:00Z,2026-08-06T13:00:00Z,21
1913242,Central,KHANNA,Shastri Nagar,Unplanned,Closed,2026-08-06T12:39:00Z,2026-08-06T13:39:00Z,60
1913248,Central,SUB URBAN LUDHIANA,CITY 8,Unplanned,Closed,2026-08-06T12:30:37Z,2026-08-06T13:30:37Z,60
1913247,Central,SUB URBAN LUDHIANA,CITY-5,Unplanned,Closed,2026-08-06T12:30:37Z,2026-08-06T13:30:37Z,60
1913246,Central,SUB URBAN LUDHIANA,CITY NO 07,Unplanned,Closed,2026-08-06T12:30:37Z,2026-08-06T13:30:37Z,60
1913226,Border,SUB URBAN AMRITSAR,DADDIAN UPS,Unplanned,Closed,2026-08-06T12:16:18Z,2026-08-06T12:42:00Z,25
1913254,South,PATIALA,BAJWA COLONY,Planned,Closed,2026-08-06T12:16:00Z,2026-08-06T13:40:00Z,84
1913253,South,PATIALA,11 KV RAI MAJRA,Planned,Closed,2026-08-06T12:16:00Z,2026-08-06T13:40:00Z,84
1913252,South,PATIALA,RAJPURA COLONY,Planned,Closed,2026-08-06T12:16:00Z,2026-08-06T13:40:00Z,84
1913250,South,PATIALA,GURBAX COLONY NO.-1,Planned,Closed,2026-08-06T12:16:00Z,2026-08-06T13:40:00Z,84
1913249,South,PATIALA,GURU NANAK NAGAR,Planned,Closed,2026-08-06T12:16:00Z,2026-08-06T13:40:00Z,84
1913244,South,PATIALA,Vikas Colony,Planned,Closed,2026-08-06T12:16:00Z,2026-08-06T13:40:00Z,84
1913243,South,PATIALA,shera wala gate,Planned,Closed,2026-08-06T12:16:00Z,2026-08-06T13:40:00Z,84
1913241,South,PATIALA,Omaxe,Planned,Closed,2026-08-06T12:16:00Z,2026-08-06T13:40:00Z,84
1913240,South,PATIALA,Bhupindra Road,Planned,Closed,2026-08-06T12:16:00Z,2026-08-06T13:40:00Z,84
1913239,South,PATIALA,Mall Road,Planned,Closed,2026-08-06T12:16:00Z,2026-08-06T13:40:00Z,84
1913238,South,PATIALA,Lower Mall,Planned,Closed,2026-08-06T12:16:00Z,2026-08-06T13:40:00Z,84
1913237,South,PATIALA,Virk Colony,Planned,Closed,2026-08-06T12:16:00Z,2026-08-06T13:40:00Z,84
1913235,South,PATIALA,Grid Colony,Planned,Closed,2026-08-06T12:16:00Z,2026-08-06T13:40:00Z,84
1913234,South,PATIALA,Gurbax Colony,Planned,Closed,2026-08-06T12:16:00Z,2026-08-06T13:40:00Z,84
1913233,South,PATIALA,SST Nagar,Planned,Closed,2026-08-06T12:16:00Z,2026-08-06T13:40:00Z,84
1913232,South,PATIALA,Jagdish Colony,Planned,Closed,2026-08-06T12:16:00Z,2026-08-06T13:40:00Z,84
1913231,South,PATIALA,Heera Bagh,Planned,Closed,2026-08-06T12:16:00Z,2026-08-06T13:40:00Z,84
1913230,South,PATIALA,Factory Area(old),Planned,Closed,2026-08-06T12:16:00Z,2026-08-06T13:40:00Z,84
1913229,South,PATIALA,Sirhind Road,Planned,Closed,2026-08-06T12:16:00Z,2026-08-06T14:00:00Z,104
1913228,East,Zirakpur,Bhabat,Unplanned,Closed,2026-08-06T12:08:00Z,2026-08-06T12:28:00Z,20
1913218,West,FARIDKOT,Dasmesh Nagar,Planned,Closed,2026-08-06T12:05:48Z,2026-08-06T13:05:31Z,59
1913227,South,SANGRUR,Benra,Unplanned,Closed,2026-08-06T12:05:00Z,2026-08-06T13:45:00Z,100
1913225,Border,CITY AMRITSAR,NAVANKOT,Unplanned,Closed,2026-08-06T12:02:28Z,2026-08-06T12:03:28Z,1
1913224,Border,CITY AMRITSAR,11 KV Haripura Feeder,Unplanned,Closed,2026-08-06T12:02:28Z,2026-08-06T12:03:28Z,1
1913223,Border,CITY AMRITSAR,DHAPAI INDUSTRIAL,Unplanned,Closed,2026-08-06T12:02:28Z,2026-08-06T12:03:28Z,1
1913222,Border,CITY AMRITSAR,KHOO BHALLA,Unplanned,Closed,2026-08-06T12:02:28Z,2026-08-06T12:03:28Z,1
1913221,Border,CITY AMRITSAR,GURUDWARA TAPOWAN,Unplanned,Closed,2026-08-06T12:02:28Z,2026-08-06T12:03:28Z,1
1913220,Border,CITY AMRITSAR,BHANDARI CHOWK,Unplanned,Closed,2026-08-06T12:02:28Z,2026-08-06T12:03:28Z,1
1913219,Border,CITY AMRITSAR,KISHANKOT,Unplanned,Closed,2026-08-06T12:02:28Z,2026-08-06T12:03:28Z,1
1913334,South,PATIALA,UPS  KHANSIAN,Unplanned,Closed,2026-08-06T12:00:00Z,2026-08-06T13:59:00Z,119
1913217,West,MUKATSAR,PANJKOSI,Unplanned,Closed,2026-08-06T12:00:00Z,2026-08-06T13:31:49Z,91
1913216,South,SANGRUR,Dhandra,Unplanned,Closed,2026-08-06T11:57:00Z,2026-08-06T14:57:00Z,180
1913215,East,Zirakpur,WATER WORKS HANDESRA,Unplanned,Closed,2026-08-06T11:42:00Z,2026-08-06T12:21:00Z,39
1913213,South,SANGRUR,11 KV KHADIAL ROAD C2,Unplanned,Closed,2026-08-06T11:35:19Z,2026-08-06T12:01:31Z,26
1913212,East,ROPAR,ROPAR TOWN,Unplanned,Closed,2026-08-06T11:31:00Z,2026-08-06T12:14:00Z,43
1913208,South,PATIALA,LANGRIAN,Unplanned,Closed,2026-08-06T11:28:45Z,2026-08-06T14:30:22Z,181
1913209,South,SANGRUR,Dharampura,Unplanned,Closed,2026-08-06T11:27:00Z,2026-08-06T12:03:00Z,36
1913207,East,ROPAR,NILET,Unplanned,Closed,2026-08-06T11:21:00Z,2026-08-06T12:26:00Z,65
1913214,South,PATIALA,Stn T.F Sarajpur,Unplanned,Closed,2026-08-06T11:20:00Z,2026-08-06T13:45:00Z,145
1913206,Border,SUB URBAN AMRITSAR,11 KV PASSPORT OFFICE,Unplanned,Closed,2026-08-06T11:18:00Z,2026-08-06T11:41:00Z,23
1913211,West,FEROZPUR,INDUSTRIAL,Planned,Closed,2026-08-06T11:10:00Z,2026-08-06T13:10:00Z,120
1913202,Central,KHANNA,Royal,Unplanned,Closed,2026-08-06T11:10:00Z,2026-08-06T12:34:00Z,84
1913201,North,HOSHIARPUR,GARDIWAL,Unplanned,Closed,2026-08-06T11:10:00Z,2026-08-06T11:45:00Z,35
1913200,North,HOSHIARPUR,11KV ARGOWAL,Unplanned,Closed,2026-08-06T11:10:00Z,2026-08-06T11:45:00Z,35
1913199,Central,KHANNA,Shastri Nagar,Unplanned,Closed,2026-08-06T11:07:00Z,2026-08-06T12:22:00Z,75
1913198,Central,KHANNA,Labour Colony,Unplanned,Closed,2026-08-06T11:07:00Z,2026-08-06T12:26:00Z,79
1913203,East,Zirakpur,GREEN VALLEY,Unplanned,Closed,2026-08-06T11:05:00Z,2026-08-06T11:53:00Z,48
1913210,West,FEROZPUR,HABIB WALA,Planned,Closed,2026-08-06T11:01:00Z,2026-08-06T13:01:00Z,120
1913197,Border,CITY AMRITSAR,ADARSH,Planned,Closed,2026-08-06T11:00:03Z,2026-08-06T14:16:00Z,195
1913205,North,HOSHIARPUR,PURHIRAN URBAN,Planned,Closed,2026-08-06T11:00:00Z,2026-08-06T14:00:00Z,180
1913204,North,HOSHIARPUR,FOCAL POINT,Planned,Closed,2026-08-06T11:00:00Z,2026-08-06T14:45:00Z,225
1913196,East,Zirakpur,SAVITRYGREEN,Unplanned,Closed,2026-08-06T10:52:00Z,2026-08-06T11:15:00Z,23
1913193,North,HOSHIARPUR,11KV ARGOWAL,Unplanned,Closed,2026-08-06T10:50:00Z,2026-08-06T11:05:00Z,15
1913190,Central,KHANNA,Kheri jattan,Planned,Closed,2026-08-06T10:45:59Z,2026-08-06T12:20:16Z,94
1913189,Central,KHANNA,BEER MATA,Planned,Active,2026-08-06T10:45:11Z,2026-08-06T12:20:30Z,95
1913192,Border,SUB URBAN AMRITSAR,11 KV PASSPORT OFFICE,Unplanned,Closed,2026-08-06T10:41:00Z,2026-08-06T10:54:00Z,13
1913188,Central,KHANNA,Charnarthal UPS,Planned,Closed,2026-08-06T10:40:22Z,2026-08-06T11:40:35Z,60
1913191,North,HOSHIARPUR,KALYANPUR,Unplanned,Closed,2026-08-06T10:40:00Z,2026-08-06T10:55:00Z,15
1913195,Central,SUB URBAN LUDHIANA,CITY-6,Unplanned,Closed,2026-08-06T10:25:00Z,2026-08-06T15:00:00Z,275
1913194,West,FEROZPUR,ZIRA ROAD,Planned,Closed,2026-08-06T10:16:00Z,2026-08-06T18:00:00Z,464
1913185,North,HOSHIARPUR,CHACK NUR ALI,Unplanned,Closed,2026-08-06T10:15:00Z,2026-08-06T10:50:00Z,35
1913184,East,Zirakpur,SANULI,Unplanned,Closed,2026-08-06T10:09:00Z,2026-08-06T10:18:00Z,9
1913183,South,PATIALA,Lung-1,Unplanned,Closed,2026-08-06T10:03:10Z,2026-08-06T12:33:28Z,150
1913339,North,JALANDHAR,Sudhama Vihar,Unplanned,Closed,2026-08-06T09:56:00Z,2026-08-06T11:05:00Z,69
1913182,South,SANGRUR,Beed,Unplanned,Closed,2026-08-06T09:55:00Z,2026-08-06T11:03:00Z,68
1913181,Border,SUB URBAN AMRITSAR,11 KV PASSPORT OFFICE,Unplanned,Closed,2026-08-06T09:51:00Z,2026-08-06T10:15:00Z,24
1913187,Border,TARN TARAN,Railway Road Urban..,Unplanned,Closed,2026-08-06T09:50:00Z,2026-08-06T10:50:00Z,60
1913186,West,FARIDKOT,Guru Ram Dass Nagar,Unplanned,Closed,2026-08-06T09:49:00Z,2026-08-06T10:40:39Z,51
1913338,North,JALANDHAR,11 KV Manbro,Unplanned,Closed,2026-08-06T09:33:00Z,2026-08-06T10:40:00Z,67
1913179,West,MUKATSAR,11 KV Chirag dhani,Unplanned,Closed,2026-08-06T09:25:42Z,2026-08-06T09:43:53Z,18
1913180,East,Zirakpur,ORBIT,Unplanned,Closed,2026-08-06T09:21:00Z,2026-08-06T10:04:00Z,43
1913176,North,HOSHIARPUR,GARDIWAL,Unplanned,Closed,2026-08-06T09:20:00Z,2026-08-06T09:55:00Z,35
1913178,West,FEROZPUR,AMAR TAKIS,Planned,Closed,2026-08-06T09:00:00Z,2026-08-06T18:00:00Z,540
1913177,West,FEROZPUR,CANTT FEEDER,Planned,Closed,2026-08-06T09:00:00Z,2026-08-06T14:10:00Z,310
1913117,North,HOSHIARPUR,BADLA,Planned,Closed,2026-08-06T09:00:00Z,2026-08-06T09:30:00Z,30
1913116,North,HOSHIARPUR,CHANNIYA,Planned,Closed,2026-08-06T09:00:00Z,2026-08-06T09:30:00Z,30
1913115,North,HOSHIARPUR,PANDORI,Planned,Closed,2026-08-06T09:00:00Z,2026-08-06T09:30:00Z,30
1913114,North,HOSHIARPUR,SAGRA,Planned,Closed,2026-08-06T09:00:00Z,2026-08-06T09:30:00Z,30
1913113,North,HOSHIARPUR,GHOGRA,Planned,Closed,2026-08-06T09:00:00Z,2026-08-06T09:30:00Z,30
1913170,South,SANGRUR,11 KV DHADRIAN URBAN,Unplanned,Closed,2026-08-06T08:37:09Z,2026-08-06T09:38:22Z,61
1913169,East,Zirakpur,ATS-2,Unplanned,Closed,2026-08-06T08:30:16Z,2026-08-06T08:52:27Z,22
1913172,Border,TARN TARAN,KOT MOHAMAD KHAN UPS,Unplanned,Closed,2026-08-06T08:30:00Z,2026-08-06T09:15:00Z,45
1913171,Border,TARN TARAN,Dhotian UPS (KMK),Unplanned,Closed,2026-08-06T08:30:00Z,2026-08-06T09:15:00Z,45
1913168,South,PATIALA,Moderen City,Unplanned,Closed,2026-08-06T08:15:00Z,2026-08-06T10:55:00Z,160
1913166,North,JALANDHAR,AMAN NAGAR,Unplanned,Closed,2026-08-06T08:15:00Z,2026-08-06T09:25:00Z,70
1913165,Border,SUB URBAN AMRITSAR,11 kv Bhullar Avenue,Unplanned,Closed,2026-08-06T08:10:00Z,2026-08-06T11:00:00Z,170
1913175,East,Zirakpur,Jastna Kandi Pure AP,Unplanned,Closed,2026-08-06T08:00:00Z,2026-08-06T09:27:00Z,87
1913174,East,Zirakpur,JEOLY,Unplanned,Closed,2026-08-06T08:00:00Z,2026-08-06T09:25:00Z,85
1913173,East,Zirakpur,DAPPAR,Unplanned,Closed,2026-08-06T08:00:00Z,2026-08-06T09:28:00Z,88
1913167,West,FEROZPUR,Amritsari Gate,Unplanned,Closed,2026-08-06T07:55:00Z,2026-08-06T09:00:00Z,65
1913164,South,SANGRUR,SARON,Unplanned,Closed,2026-08-06T07:55:00Z,2026-08-06T08:45:00Z,50
1913161,Border,GURDASPUR,Lamini,Unplanned,Closed,2026-08-06T07:45:00Z,2026-08-06T08:12:00Z,27
1913336,North,JALANDHAR,11KV NIKKU PARK,Unplanned,Closed,2026-08-06T07:31:00Z,2026-08-06T09:29:00Z,118
1913159,Border,SUB URBAN AMRITSAR,silverstate,Unplanned,Closed,2026-08-06T07:31:00Z,2026-08-06T07:52:00Z,21
1913158,North,JALANDHAR,SARMUSTPUR,Unplanned,Closed,2026-08-06T07:31:00Z,2026-08-06T09:15:00Z,104
1913160,South,SANGRUR,SOHIAN,Unplanned,Closed,2026-08-06T07:14:00Z,2026-08-06T09:10:00Z,116
1913157,Border,TARN TARAN,Sanghey UPS,Unplanned,Closed,2026-08-06T07:10:00Z,2026-08-06T08:30:00Z,80
1913156,South,SANGRUR,Bhullarheri Cat-1,Unplanned,Closed,2026-08-06T07:07:00Z,2026-08-06T10:25:00Z,198
1913332,South,PATIALA,URBAN NANAKSAR,Unplanned,Closed,2026-08-06T07:00:00Z,2026-08-06T11:59:00Z,299
1913162,South,SANGRUR,NANKIANA SAHIB,Unplanned,Closed,2026-08-06T06:56:00Z,2026-08-06T08:20:00Z,84
1913150,South,SANGRUR,Cinema Road,Unplanned,Closed,2026-08-06T06:55:00Z,2026-08-06T08:20:00Z,85
1913152,South,SANGRUR,City-II,Unplanned,Closed,2026-08-06T06:52:00Z,2026-08-06T10:50:00Z,238
1913153,Border,SUB URBAN AMRITSAR,mattewal,Unplanned,Closed,2026-08-06T06:50:00Z,2026-08-06T08:20:00Z,90
1913163,South,SANGRUR,11KV KHERU ROAD CAT2,Unplanned,Closed,2026-08-06T06:47:46Z,2026-08-06T09:55:00Z,187
1913154,Border,SUB URBAN AMRITSAR,GT road 2,Unplanned,Closed,2026-08-06T06:45:00Z,2026-08-06T08:25:00Z,100
1913149,South,SANGRUR,Sherpur Road,Unplanned,Closed,2026-08-06T06:45:00Z,2026-08-06T09:25:00Z,160
1913148,Border,TARN TARAN,Khadoor Sahib URBAN.,Unplanned,Closed,2026-08-06T06:35:00Z,2026-08-06T10:35:00Z,240
1913147,Border,TARN TARAN,BIHARIPUR UPS,Unplanned,Closed,2026-08-06T06:35:00Z,2026-08-06T11:05:00Z,270
1913151,Border,SUB URBAN AMRITSAR,Urban 1 Tarsika,Unplanned,Closed,2026-08-06T06:30:00Z,2026-08-06T08:20:00Z,110
1913144,Border,SUB URBAN AMRITSAR,MAJITHA ROAD,Unplanned,Closed,2026-08-06T06:21:00Z,2026-08-06T07:10:00Z,49
1913146,Border,SUB URBAN AMRITSAR,11 kv New Greenland,Unplanned,Closed,2026-08-06T06:20:00Z,2026-08-06T07:41:00Z,81
1913145,Border,SUB URBAN AMRITSAR,11 kv Baba Deep Singh colony,Unplanned,Closed,2026-08-06T06:20:00Z,2026-08-06T08:16:00Z,116
1913155,Border,TARN TARAN,GHAT SAHIB URBAN,Unplanned,Closed,2026-08-06T06:10:00Z,2026-08-06T07:47:00Z,97
1913143,Border,SUB URBAN AMRITSAR,Judge Nagar,Unplanned,Closed,2026-08-06T05:40:00Z,2026-08-06T06:46:00Z,66
1913335,North,JALANDHAR,11KV NIKKU PARK,Unplanned,Closed,2026-08-06T05:36:00Z,2026-08-06T07:30:00Z,114
1913142,West,FEROZPUR,AMAR TAKIS,Planned,Closed,2026-08-06T05:35:00Z,2026-08-06T06:30:00Z,55
1913141,Border,TARN TARAN,Dhotian UPS (KMK),Unplanned,Closed,2026-08-06T04:50:00Z,2026-08-06T06:10:00Z,80
1913333,North,JALANDHAR,11KV NIKKU PARK,Unplanned,Closed,2026-08-06T03:40:00Z,2026-08-06T05:35:00Z,115
1913140,West,FEROZPUR,AMAR TAKIS,Planned,Closed,2026-08-06T03:25:00Z,2026-08-06T04:53:00Z,88
1913139,West,FEROZPUR,Amritsari Gate,Planned,Closed,2026-08-06T02:00:00Z,2026-08-06T03:59:00Z,119
1913138,West,FEROZPUR,CANTT FEEDER,Planned,Closed,2026-08-06T01:59:00Z,2026-08-06T03:30:00Z,91
1913137,West,FEROZPUR,ZIRA ROAD,Unplanned,Closed,2026-08-06T00:12:00Z,2026-08-06T01:40:00Z,88
1913136,West,FEROZPUR,AMAR TAKIS,Unplanned,Closed,2026-08-06T00:12:00Z,2026-08-06T01:40:00Z,88
1913135,West,FEROZPUR,COURT FEEDER,Unplanned,Closed,2026-08-06T00:12:00Z,2026-08-06T01:40:00Z,88
1913134,West,FEROZPUR,CANTT FEEDER,Unplanned,Closed,2026-08-06T00:12:00Z,2026-08-06T01:40:00Z,88
1913133,West,FEROZPUR,MADHRE,Planned,Closed,2026-08-06T00:00:00Z,2026-08-06T01:45:00Z,105
